source,target,rule,h,note
peanut,lora,A3,"h(\Theta_1,\Theta_2)=(\Theta_2^\top,\ \sigma(\Theta_1^\top W_0))","Pointed at LoRA's \(\mathrm T_A\) point \((0,\sigma(\Theta_{1,0}^\top W_0))\). Smooth for GELU/SiLU; for ReLU, smooth near any \(q_0\) where \(\Theta_{1,0}^\top W_0\) has no zero entry."
monteclora,lora,A3,"h(B,\mu,\xi)=(B,\ \mu)",Projection forgetting the variational parameters \(\xi\). The reverse inclusion is A2 (freeze \(\xi\) at \(\xi_0\)).
velora,lora,A3,h=\mathrm{id}_Q,Same object; only the trained-method data (the cotangent signal for \(A\)) differ.
lora,lora,A3,"h(B,A)=([B\ 0],\,[A;\,a_0])","LoRA\(_r\hookrightarrow\) LoRA\(_{r+1}\) (the rank filtration); \(\mathrm T_A\)-pointed when \(a_0\notin\mathrm{row}\,A_0\)."
lora,dora,A3,"h(B,A)=\big((\lVert(W_0+sBA)_{i,:}\rVert)_i,\ B,\ A\big)",DoRA with the magnitude set to the current row norms reproduces LoRA. Pointed (\(\mu_0\) = row norms of \(W_0\)); smooth wherever no row of \(W_0+sBA\) vanishes.
lora,relora,A5,"q\mapsto(q,\,q_0^{(2)},\dots,q_0^{(K)})",One stage embeds into \(K\) stages of the rebasing scheme.
lora,peanut,A3,"h(B,A)=\big([M,\,-M],\ [B^\top;\,-B^\top]\big),\quad M=(W_0^{+})^\top A^\top","LoRA\(_r\to\) PEANuT\(_{2r}\) via \(\sigma(x)-\sigma(-x)=x\), which holds for ReLU, GELU and SiLU (so the arrow is smooth for the latter two); needs \(W_0\) of full column rank (\(M^\top W_0=A\)). Pointed at \(\Theta_1=[M_0,-M_0]\), \(\Theta_2=0\)."
rslora,lora,A3,"h(B,A)=(\sqrt r\,B,\ A)",Isomorphism over \(\Theta\) (inverse \(B\mapsto B/\sqrt r\)); pointed because \(B_0=0\).
lora-ga,lora,A3,"h(B,A)=([B,\,-B_0],\,[A;\,A_0])","Thm II.1 conversion into LoRA\(_{2r}\) on the untouched \(W_0\), pointed at the degenerate pointing \(([B_0,-B_0],[A_0;A_0])\) (product \(0\), outside the three strata)."
lora-plus,lora,A3,h=\mathrm{id}_Q,"Same object. The trajectory equivalence is the torus map \(c_B=1/\lambda\) (Adam) or \(\lambda^{-1/2}\) (SGD), which rescales \(s\); it is not an arrow."
lora-fa,lora,A2,"h(B)=(B,\ A_0)","Freezing \(A\) at its base value: a pointed monomorphism into LoRA pointed at \((0,A_0)\)."
lora-fa,asylora,A3,"h(B)=B\,A_0Q^\top","Isomorphism \(\mathrm{FA}(A_0)\cong\mathrm{FA}(Q)\) when \(\mathrm{row}\,A_0=\mathrm{row}\,Q\) (e.g. \(Q\) the orthonormalised \(A_0\)); for independent random frames the two agree only in law."
lora-fa,flora-opt,A5,"B\mapsto(B,\,0,\dots,0)",LoRA-FA is the first period of Flora when Flora's first projection is \(A_0\) (shared seed): one stage embeds into the rebasing scheme.
riemannian-preconditioned-lora,lora,A3,h=\mathrm{id}_Q,"Same object, different trained-method data (the cometric)."
lora-rite,lora,A3,h=\mathrm{id}_Q,Same object; only the update rule differs.
lora-pro,lora,A3,h=\mathrm{id}_Q,Same object.
relora,relora,A5,"(q_1,\dots,q_K)\mapsto(q_1,\dots,q_K,\,q_0^{(K+1)})","ReLoRA\(^K\hookrightarrow\) ReLoRA\(^{K+1}\), padding with the next stage's base value."
relora,lora,A3,"h((B_k,A_k)_k)=([B_1\cdots B_K],\,[A_1;\dots;A_K])",\(K\) stages factor through LoRA\(_{Kr}\) (Obs I.7); pointed when the stacked \(A_0\)'s have independent rows.
relora,cola,A3,h=\mathrm{id}\ \text{(stagewise)},Stagewise identical objects at equal link ranks; COLA differs only in its full optimizer reset and schedule.
delta-lora,lora,A3,"h(B,A)=\big([(1+\lambda)B,\ -\lambda B_K],\ [A;\ A_K]\big)","After step \(K\) the effective map factors through LoRA\(_{2r}\) on \(W_0\) (scale \(s\)), pointed at \(([(1+\lambda)B_K,-\lambda B_K],[A_K;A_K])\)."
cola,relora,A3,h=\mathrm{id}\ \text{(stagewise)},"At equal link ranks; with decreasing ranks, pad each link by LoRA\(_{r_i}\hookrightarrow\) LoRA\(_{r_1}\)."
cola,lora,A3,"h((B_i,A_i)_i)=([B_1\cdots B_M],\,[A_1;\dots;A_M])",The chain factors through LoRA\(_{\sum r_i}\) (Obs I.7).
periodic-lora,relora,A3,h=\mathrm{id}\ \text{(stagewise)},At momentum \(m=0\).
lora-dropout,lora,A3,h=\mathrm{id}_Q,Same object at inference without ensembling.
asylora,lora,A2,"h(B)=(B,\ Q)","Freezing \(A=Q\): a pointed monomorphism into LoRA at \((0,Q)\)."
asylora,lora-fa,A3,"h(B)=B\,QA_0^{+}","Isomorphism when \(\mathrm{row}\,Q=\mathrm{row}\,A_0\) (\(A_0^+\) the right pseudo-inverse); for independent draws the two agree only in law."
lora-without-regret,lora,A3,h=\mathrm{id}_Q,Plain LoRA.
flat-lora,lora,A3,h=\mathrm{id}_Q,"Same object, regularised loss."
altlora,lora,A3,h=\mathrm{id}_Q,Same object.
altlora,riemannian-preconditioned-lora,A3,h=\mathrm{id}_Q,Same object; each half-step uses one of the two Riemannian preconditioners.
loft,lora,A3,h=\mathrm{id}_Q,Same object.
polar,lora,A3,"h(X,\Theta,Y)=(X\Theta,\ Y^\top)","Pointed at LoRA's \(\mathrm T_A\) point \((0,Y_0^\top)\), which has orthonormal rows."
adalora,lora,A3,"h(P,\Lambda,Q)=(P\Lambda,\ Q)","Pointed at LoRA's \(\mathrm T_A\) point \((0,Q_0)\)."
adalora,polar,A3,"h(P,\Lambda,Q)=\big(P(P^\top P)^{-1/2},\ (P^\top P)^{1/2}\Lambda(QQ^\top)^{1/2},\ Q^\top(QQ^\top)^{-1/2}\big)",Polar factors of \(P\) and \(Q^\top\); smooth where \(P\) and \(Q\) have full rank; pointed at PoLAR with \(\Theta_0=0\).
adamss,lora,A3,"h((C_k,B_k)_k)=\big([E_{\mathcal S_1}C_1\cdots E_{\mathcal S_K}C_K],\ [B_1\tilde A_1;\dots;B_K\tilde A_K]\big)","Factors through LoRA\(_{\sum r_k}\) on \(W_0\), pointed at \((0,[B_{1,0}\tilde A_1;\dots;B_{K,0}\tilde A_K])\). This is a \(\mathrm T_A\) point when the stacked rows are independent; with HF's single shared \(R\times d_{in}\) frame that needs \(\sum_kr_k\le R\). Otherwise it is a degenerate \(B_0=0\) pointing outside the three strata (Thm II.2(e)); the arrow is still pointed."
pissa,lora,A3,"h(B,A)=([B,\,-B_0],\,[A;\,A_0])","Thm II.1: PiSSA\(_r\) into LoRA\(_{2r}\) on \(W_0\) (HF's conversion), pointed at the degenerate pointing with product \(0\)."
olora,lora,A3,"h(B,A)=([B,\,-B_0],\,[A;\,A_0])","Into LoRA\(_{2r}\) on \(W_0\) (Thm II.1), at a degenerate pointing."
loftq,lora,A3,"h(B,A)=([B,\,-B_T],\,[A;\,A_T])","In the slice at the attained start \(\theta_0'=Q_T+B_TA_T\): LoftQ\(_r\) into LoRA\(_{2r}\) over \(\theta_0'\), at a degenerate pointing (as for PiSSA)."
eva,lora,A3,"h=\mathrm{id}:(B,A)\mapsto(B,A)","Pointed isomorphism onto LoRA_{r_l} pointed at (0, V_{r_l}^T); to vanilla LoRA with a random A_0 there is only a weak morphism (different point of Gr(r,n))."
corda,lora,A3,"h(B,A)=([B,\,-B_0],\,[A;\,A_0])","The PiSSA->LoRA conversion of Thm II.1 applied to CorDA: lands in LoRA_{2r} with residual theta_0, pointed at the degenerate pointing ([B_0,-B_0],[A_0;A_0]) of rank pattern (r,r,0), outside the three strata."
astra,lora,A3,"h(B,A)=([B,\,-B_0],\,[A;\,A_0])","Thm II.1 conversion into LoRA_{2r} with residual theta_0, pointed at the degenerate (r,r,0) pointing; valid in either stratum."
mica,lora,A2,"h(A)=\big(U_{-r},\ \tfrac{\alpha}{r}A\big)","Freezing B at U_{-r}: monomorphism into LoRA pointed at (U_{-r},0), stratum T_B (axes.json A2 example)."
mica,milora,A3,"h(A)=\big(U_m\Sigma_m^{1/2},\ \Sigma_m^{1/2}V_m^\top+\tfrac{\alpha}{r}\Sigma_m^{-1/2}A\big)",W_0+(alpha/r)U_mA = W_p+U_m(Sigma_mV_m^T+(alpha/r)A); pointed (h(0)=MiLoRA's q_0); needs the minor singular values nonzero (checked numerically).
kasa,lora,A3,"h(B,\Delta\sigma,A)=\big(\tfrac{\alpha}{r}B\,\mathrm{diag}(\Delta\sigma),\ A\big)","Arrow in the slice at kappa theta_0 = W_world: onto zero-init LoRA at the truncated base, pointed at (0,A_0)."
milora,lora,A3,"h(B,A)=([B,\,-B_0],\,[A;\,A_0])","Thm II.1 conversion into LoRA_{2r} with residual theta_0, pointed at the degenerate (r,r,0) pointing."
gora,lora,A3,"h(B,A)=(cB,A),\ c=\tfrac{\alpha/\sqrt{r_\ell}}{s}","Pointed isomorphism onto LoRA_{r_l} with residual W_0 pointed at (cB_0,A_0): an arrow over the common start theta_0+e, not in the slice at theta_0 (there only a weak morphism to zero-init LoRA)."
lora-sb,lora-fa,A4,h(R)=sU_rR,"Projection of the product FA(V_r^T) x FB(U_r) onto LoRA-FA with frozen A=V_r^T, re-pointed at sU_rR_0: an arrow over the common start theta_0+e."
lora-null,lora,A3,"h(B,A)=([B,\,-B_0],\,[A;\,A_0])","Thm II.1 conversion into LoRA_{2r} with residual theta_0, pointed at the degenerate (r,r,0) pointing."
dylora,lora,A3,h=\mathrm{id},"Isomorphism of underlying objects at b=r_max (pointed at (0,A_0)); it does not intertwine the nested-dropout objective, whose symmetry is only T_r."
dylora,dylora,A2,"h(B_b,A_b)=\big([\tfrac{r_{\max}}{b}B_b,\ 0],\ [A_b;\ A_{0,(b+1):}]\big)",Truncation level b as a sub-object of level r_max: freeze the trailing B columns at 0 and A rows at their base values (scale alpha/b vs alpha/r_max absorbed).
sora,lora,A3,"h(B,g,A)=(B\,\mathrm{diag}(g),\ A)","Pointed at (0,A_0), same random A_0; after pruning the support S, the restriction maps into LoRA_{|S|}."
increlora,lora,A3,"h(B,\Lambda,A)=(B\Lambda,\ A)","Pointed at (0,A_0); S_1={B_0 diag(delta) A_0} lies inside {XA_0}."
increlora,adalora,A3,"h=\mathrm{id}:(B,\Lambda,A)\mapsto(P,\Lambda,Q)","Same P Lambda Q object at Lambda_0=0, pointed at the same frames; the two differ only in the rank schedule (grow vs prune)."
increlora,increlora,A5,"h(q)=\big(q,\ (b_{\rm new},0,a_{\rm new})\big)",Adding a component at lambda=0 embeds stage r_k into stage r_k+1.
alora-allocating,lora,A3,"h(B,A)=(B\,\mathrm{diag}(\alpha),\ A)","At each allocation, pointed at (0,A_0); with all gates 1 it is the identity."
autolora,lora,A3,"h(b,a,\beta)=\big([\mathrm{softmax}(\beta)_jb_j]_j,\ [a_j^\top]_j\big)","Search-phase object into LoRA_k pointed at (0,A_0); after thresholding and retraining the recipe's output is LoRA_{r_l} itself (h=id)."
elalora,adalora,A3,h=\mathrm{id},Same P Lambda Q object pointed at Lambda=0 with the same frames; only the rank schedule differs.
elalora,lora,A3,"h(P,\Lambda,Q)=(P\Lambda,\ Q)","Pointed at (0,Q_0)."
lora-drop,lora,A3,"h\big((B_i,A_i)_{\rm keep},(B_s,A_s)\big)=\big((B_i,A_i)_{\rm keep},(B_s,A_s)_{j\in\rm share}\big)","Diagonal (tying) map into per-layer LoRA on all layers, pointed when every shared layer carries the same A_0."
dora-dynamic-rank,lora,A3,"h(B,c,A)=(B\,\mathrm{diag}(c),\ A)","Pointed at (0,A_0), stratum T_A."
dora-dynamic-rank,adalora,A3,h=\mathrm{id},Same P Lambda Q object pointed at the zero gate with the same frames.
dora-dynamic-rank,sora,A3,"h(B,c,A)=\big(B\,\mathrm{diag}(c)\,\mathrm{diag}(g_0)^{-1},\ g_0,\ A\big)","Into SoRA pointed at (0,g_0,A_0) with the same A_0; S_1={B_0 diag(delta) A_0} lies inside {XA_0}. The reverse fails (O3)."
fourierft,lora-fa,A3,"h(c)=\tfrac{\alpha}{mn}\,B_F\,\mathrm{diag}(c,-c),\ \ B_F=[\cos\theta_k\ \sin\theta_k]_k,\ A_F=[\cos\varphi_k;\ \sin\varphi_k]_k","Into LoRA-FA_{2n_c} with frozen trigonometric A_F, pointed at 0; Re(e^{i(theta+phi)})=cos cos - sin sin (checked to 1e-16)."
fourierft,fourierft,A2,"h(c_\Omega)=(c_\Omega,\ 0_{\Omega'\setminus\Omega})",FourierFT on index set Omega is a sub-object of FourierFT on Omega' containing it.
frod,frod,A2,"h(\Sigma)=(\Sigma,\ S=0)",The diagonal-only (spectral-rescaling) variant is the sub-object obtained by freezing the sparse off-diagonal entries at 0.
miss,lora-fa,A3,"h(D)=D,\ \ A_0=\mathbf 1^\top_{d_{\rm in}/r}\otimes I_r",Isomorphism MiSS = LoRA-FA(1^T (x) I_r) (axes.json A3 example).
miss,lora,A2,"h(D)=(D,\ \mathbf 1^\top_{d_{\rm in}/r}\otimes I_r)","Freezing A at the summing projection: monomorphism into LoRA pointed at (0, 1^T (x) I_r)."
pvera,vera,A3,"h(b,d_\mu,d_\sigma)=(b,\ d_\mu)","Projection forgetting the variance half; intertwines the merged rho, not the stochastic training objective."
pvera,lora-fa,A3,"h(b,d_\mu,d_\sigma)=\alpha\Lambda_bB\Lambda_{d_\mu}","Composite with VeRA -> LoRA-FA(A_mu), pointed at 0."
randlora,lora,A3,"h(\Lambda,\Gamma)=\big([B_1\Lambda_1,\dots,B_n\Lambda_n],\ [A\Gamma_1;\dots;A\Gamma_n]\big)","Into LoRA_{nr} pointed at (0,[A Gamma_1^0;...;A Gamma_n^0]), a rank-r stacked A_0, outside the three strata."
tinylora,lora-xs,A3,h(v)=\Sigma_r^{1/2}\Big(\sum_iv_iP_i\Big)\Sigma_r^{-1/2},"Into LoRA-XS in the form W_0+U_rR Sigma_rV_r^T (Prop I.8(a)), pointed at R=0."
tinylora,pissa,A3,"h(v)=\Big(U_r\Sigma_r^{1/2}\big(I+\textstyle\sum_iv_iP_i\big),\ \Sigma_r^{1/2}V_r^\top\Big)",Composite with LoRA-XS -> PiSSA; h(0)=PiSSA's q_0.
uni-lora,lora,A3,"h(\theta_d)=P\theta_d=\big(B^\ell(P\theta_d),A^\ell(P\theta_d)\big)_\ell","The defining projection, pointed at (B_0,A_0)=P theta_{d,0} (an arrow over the common start), or at the origin (0,0) for the exactly pointed variant."
vb-lora,lora,A3,"h(\alpha,\sigma)=\big(B(\alpha,\sigma),\ A(\alpha,\sigma)\big),\ \ u=\textstyle\sum_s\mathrm{softmax}(\mathrm{TopK}(\sigma,k))_s\,\alpha_s","Assembly map into LoRA, pointed at (B_0,A_0)=h(q_0); smooth on each top-k chamber only (top-k switches are non-smooth)."
vera,lora-fa,A3,"h(b,d)=\Lambda_bB\Lambda_d",axes.json A3 example; pointed at 0 with frozen A.
vera,lora,A3,"h(b,d)=(\Lambda_bB\Lambda_d,\ A)","Composite with LoRA-FA(A) -> LoRA, pointed at (0,A)."
waveft,lora-fa,A3,"h(c)=\lambda\,B_W\,C_\Omega(c),\ \ A_W=[\psi_j^\top]_{j\in\mathrm{cols}(\Omega)}","Separable 2-D DWT: atom (i,j) is w_i v_j^T, so DeltaW=B_W C_Omega A_W; into LoRA-FA with frozen wavelet rows A_W, pointed at 0."
svft,lora-fa,A3,"h(M)=U_{:,R}\,M_{R,C},\ \ A_0=V_{:,C}^\top","R, C = row and column indices met by Omega; into LoRA-FA_{|C|} with frozen A_0=V_C^T, pointed at 0."
fact,lora,A3,"h(U,\Sigma,V)=\big(sU\Sigma_i,\ V^\top\big)_i","Into per-box LoRA_r pointed at (sU_0Sigma_{i,0}, 0): stratum T_B in every box."
fact,fact,A3,"h(U,P,C,V)=\big(U,\ (\textstyle\sum_tP_{i,t}C_t)_i,\ V\big)",FacT-TK -> FacT-TT: the Tucker core constrains the per-matrix cores; both pointed at V=0.
nola,lora,A3,"h(\alpha,\beta)=\Big(\sum_j\beta_jB_j,\ \sum_i\alpha_iA_i\Big)","axes.json A3 example; pointed at the origin (0,0) (paper) or, with h(alpha,beta)=(sum beta_j B_j, A_off+sum alpha_i A_i), at (0,A_off) in stratum T_A (code)."
tied-lora,sharelora,A3,"h(\{v_\ell,u_\ell\}_\ell,B,A)=\big(\{\Lambda_{v_\ell}B\Lambda_{u_\ell}\}_\ell,\;A\big)","Lands in ShareA at its standard pointing \((B_\ell=0,A_0)\); strict, since ShareA has free per-layer \(B_\ell\)."
tied-lora,lora,A3,"h=\big(\Lambda_{v_\ell}B\Lambda_{u_\ell},\;A\big)_\ell","Per-layer LoRA pointed at \((0,A_0)\) with the same \(A_0\) in every layer (stratum \(T_A\))."
sharelora,lora,A3,"h\big((B_\ell)_\ell,A\big)=(B_\ell,A)_\ell","Diagonal copy of the shared \(A\); per-layer LoRA pointed at \((0,A_0)\) with a common \(A_0\)."
prolora,lora,A3,"h(B_u,B_0,A_u,A_0)=\big(\mathcal B(B_u,B_0),\;\mathcal A(A_u,A_0)\big)","Into \(\mathrm{LoRA}_r\) pointed at \((0,\mathcal A(A_u^0,A_0^0))\), stratum \(T_A\) when the expanded \(A_0\) has full row rank. Conversely \(\mathrm{LoRA}_u\to\) PRoLoRA by A2 (freeze \(B_0=0\) and \(A_0\) at init)."
mos,lora,A3,"h(\mathrm{pool}_B,\mathrm{pool}_A)=\big(\mathrm{Route}^c(\mathrm{pool}_B,I^b_\ell),\;\mathrm{Route}^r(\mathrm{pool}_A,I^a_\ell)\big)_\ell","Per-layer LoRA of rank r pointed at \((0,A_\ell^0)\) (B-pools zero)."
rasa,lora,A3,"h=\big([\tilde B_i\ \ B_S]\,D_i,\;[\tilde A_i;\,A_S]\big)_i","Into per-layer LoRA of rank \(r-k+Lk\) pointed at \((0,[\tilde A_i^0;A_S^0])\); for \(k=0\) it is the identity onto \(\mathrm{LoRA}_r\)."
lora-xs,pissa,A3,"h(R)=\big(U_r\Sigma_r^{1/2}+U_rR\,\Sigma_r^{1/2},\;\Sigma_r^{1/2}V_r^\top\big)",The framework's LoRA-XS to PiSSA arrow written in the catalog's normalisation \(U_rR\Sigma_rV_r^\top\); \(h(0)\) is PiSSA's standard split.
lora-xs,lora-fa,A4,"h(R)=U_rR\ \text{ into }\ \mathrm{FA}(A_0),\ A_0=\Sigma_rV_r^\top","Product projection onto the one-sided factor, here LoRA-FA with the spectral (not random) frame \(A_0\)."
lora-xs,svft,A3,h(R)=\begin{bmatrix}R\Sigma_r&0\\0&0\end{bmatrix}\ \ (\Omega=\text{top-left }r\times r\text{ block}),"Isomorphism onto SVFT with a dense top-left support, pointed at \(M=0\) (SVFT's exactly pointed variant)."
lora-xs,lora,A3,"h(R)=\big(U_rR,\;\Sigma_rV_r^\top\big)","Into \(\mathrm{LoRA}_r\) pointed at \((0,\Sigma_rV_r^\top)\): the \(T_A\) point whose row space is the top-r right singular space."
lamda,lora-fa,A3,"h(U,S)=\alpha US-U_r\ \text{ into }\ \mathrm{FA}(\Sigma_rV_r^\top)","Pointed (\(h(U_r,I)=0\) for \(\alpha=1\)); in the early phase this is an epimorphism onto the image."
lamda,pissa,A3,"h(U,S)=\big(\alpha US\,\Sigma_r^{1/2},\;\Sigma_r^{1/2}V_r^\top\big)","Into PiSSA at its standard split \((U_r\Sigma_r^{1/2},\Sigma_r^{1/2}V_r^\top)\); LaMDA is PiSSA's A-frozen sub-object."
lamda,lora,A3,"h(U,S)=\big(\alpha US-U_r,\;\Sigma_rV_r^\top\big)","Into \(\mathrm{LoRA}_r\) pointed at \((0,\Sigma_rV_r^\top)\) (stratum \(T_A\))."
lora-mini,lora,A3,"h(C,D)=(PC,\;DQ)","Into LoRA pointed at \(h(q_0)=(PC_0,D_0Q)\). With the paper's all-Kaiming init this is a morphism between objects with a defect (unpointed slice); with \(C_0=0\) it lands in stratum \(T_A\)."
loca,lora-fa,A3,"h(a)=\big[a_1C_{l^1_1,:}^\top\ \cdots\ a_{\mathcal B}C_{l^1_{\mathcal B},:}^\top\big]\ \text{ into }\ \mathrm{FA}(A_0),\ A_0=\big[D_{l^2_1,:};\dots;D_{l^2_{\mathcal B},:}\big]","Each coefficient is a rank-one cosine outer product, so LoCA factors through a one-sided method with the selected input cosines frozen as \(A_0\). The arrow is informative only when the selected input frequencies span a proper subspace of \(\mathbb R^{d_{in}}\)."
compacter,phm-adapter,A3,"h\big(\{A_i\},\{s_i^{\bullet,\ell},t_i^{\bullet,\ell}\}\big)=\big(A_i^{\bullet,\ell}=A_i,\;B_i^{\bullet,\ell}=s_i^{\bullet,\ell}t_i^{\bullet,\ell\top}\big)_{\ell,\ \bullet\in\{D,U\}}",Diagonal copy of the shared slow weights and the rank-\(\rho\) product; neutral point maps to neutral point (Houlsby placement; Compacter++ maps to the Pfeiffer placement instead).
compacter,houlsby-adapter,A3,"h=\big(W_{down}=\textstyle\sum_iA_i\otimes s_i^Dt_i^{D\top},\;W_{up}=\sum_iA_i\otimes s_i^Ut_i^{U\top}\big)","Same extension and placement, with a GeLU bottleneck and matching bias convention; Houlsby's dense projections contain Compacter's PHM ones."
gralora,lora,A3,"h(\{U_{ij},V_{ij}\})=\big(\mathrm{blockdiag}(L_1,\dots,L_k),\;S\big),\ L_i=[U_{i1}\cdots U_{ik}],\ S=\text{stack of the }V_{ij}^\top\text{ on column block }j","Into \(\mathrm{LoRA}_{kr}\) (proof of Prop II.12), pointed at \((0,S_0)\); the scale \(\alpha/r\) is absorbed into h."
hira,loha,A2,"h(B,A)=(U_0,V_0,B,A),\ \ U_0V_0=W_0/\gamma\ \text{a fixed rank-}\mathrm{rk}W_0\text{ factorisation}","HiRA is \(\mathrm{LoHa}_{\mathrm{rk}W_0,r}\) with its first Hadamard factor frozen at \(W_0\); the target is pointed at \((U_0,V_0,0,A_0)\), not at LoHa's random default."
hira,glora,A2,"h(B,A)=\big(\mathcal A\text{-path}=BA,\ \text{all other GLoRA paths frozen at }0\big)",GLoRA's \(W_0\odot\mathcal A\) path with a LoRA-type \(\mathcal A\) and every other path off is HiRA. HiRA's \(B_0=0\) pointing differs from GLoRA's zero down-projection default.
loha,lora,A3,"h(B_1,A_1,B_2,A_2)=\big(\gamma\,B_1\bullet B_2,\;(A_1^\top\bullet A_2^\top)^\top\big)","Into \(\mathrm{LoRA}_{r_1r_2}\) by the face-splitting (row-wise Khatri-Rao) product. HF zero-initialises \(A_2\) (hada_w2_b, \(r\times d_{in}\)), so \(h(q_0)=(\gamma B_1^0\bullet B_2^0,\,0)\): the target is pointed at \(B_0\ne0\), \(A_0=0\), stratum \(T_B\) when \(B_1^0\bullet B_2^0\) has full column rank [Num]. For \(r_1=r_2=r\le2\), \(r^2\le2r\), so LoHa is dominated by the equal-budget \(\mathrm{LoRA}_{2r}\) (Prop II.12(c))."
lokr,lora,A3,"h(C,B,A)=\big(C\otimes B,\;I_{u_q}\otimes A\big)","By the mixed-product rule, into \(\mathrm{LoRA}_{u_qr'}\) pointed at \((0,I_{u_q}\otimes A_0)\) (zero C); this is stratum \(T_A\) when \(u_qr'<\min(m,n)\). The mirror \(h=(I_{u_p}\otimes B,\,C\otimes A)\) lands in \(\mathrm{LoRA}_{u_pr'}\)."
lokr,krona,A3,"h(C,B,A)=(C,\;BA)","Into KronA with its second factor constrained to rank \(r'\); KronA pointed at \((0,B_0A_0)\), not at its dense Kaiming default."
shira,rosa,A5,"h(\Delta)=\big(B=0,\;A=A_0,\;S=M\odot\Delta\big)","\(M\to M\oplus\mathrm{LoRA}\), with the LoRA summand at its base point; requires RoSA's mask to equal SHiRA's (SHiRA-Grad is close to RoSA's Fisher mask)."
bd-lora,lora,A3,"h(B_1,\dots,B_N,A)=\big(\mathrm{diag}(B_1,\dots,B_N),\;A\big)","The inclusion of block-diagonal factors; pointed at \((0,A_0)\), stratum \(T_A\)."
bd-lora,gralora,A3,"h(\{B_i\},A)=\big(B_{ij}=B_i,\;A_{ij}^\top=A^{(i)}_{:,J_j}\big)_{i,j\le N}","GraLoRA with \(k=N\) blocks per side and per-block rank \(r/N\): copy \(B_i\) along block row i. Pointed at \((0,\text{slices of }A_0)\)."
quantum-peft,adalora,A3,"h(\theta_U,\theta_V,\lambda)=\big(P=Q_P(\theta_U)I_{d_{out}\times K},\;\Lambda=\mathrm{diag}(\lambda),\;Q=(Q_P(\theta_V)I_{d_{in}\times K})^\top\big)","Into rank-K AdaLoRA pointed at \((U_0,0,V_0^\top)\): orthonormal circuit frames instead of AdaLoRA's Gaussian P, Q."
quantum-peft,lora,A3,"h=\big(U(\theta_U)\,\mathrm{diag}(\lambda),\;V(\theta_V)^\top\big)","Into \(\mathrm{LoRA}_K\) pointed at \((0,V_0^\top)\) when \(\Lambda_0=0\)."
abba,loha,A3,"h(B_1,A_1,B_2,A_2)=(B_1,A_1,cB_2,A_2),\ \ c=\frac{\alpha/\sqrt{r_1r_2}}{\gamma_{\rm LoHa}}","Isomorphism onto LoHa pointed at \((\text{factors of }[W_0]_{r_1},0,A_2^0)\), not at HF's random default."
abba,lora,A3,"h=\big(\tfrac{\alpha}{\sqrt{r_1r_2}}\,B_1\bullet B_2,\;(A_1^\top\bullet A_2^\top)^\top\big)","Face-splitting into \(\mathrm{LoRA}_{r_1r_2}\), as for LoHa."
krona,lokr,A3,"h(A_k,B_k)=\big(C=A_k,\;\text{right factor}=B_k\big)\ \ \text{(LoKr with neither factor decomposed)}",Isomorphism onto the unfactorised LoKr configuration; pointed when KronA's zero factor is the left one (HF zero-initialises lokr_w1).
phm-adapter,houlsby-adapter,A3,"h(\{A_i^D,B_i^D,A_i^U,B_i^U\})=\big(W_{down}=\textstyle\sum_iA_i^D\otimes B_i^D,\;W_{up}=\sum_iA_i^U\otimes B_i^U\big)",Same extension and placement; neutral point maps to neutral point.
kadaptation,lora,A3,"h=\big([A_1\otimes u_1,\dots,A_n\otimes u_n],\;[I_n\otimes v_1^\top;\dots;I_n\otimes v_n^\top]\big)","Uses \((A_i\otimes u_i)(I_n\otimes v_i^\top)=A_i\otimes u_iv_i^\top\). Into \(\mathrm{LoRA}_{n^2r}\), pointed at \((0,[I_n\otimes v_i^{0\top}])\) when \(u_i^0=0\)."
kradapter,loha,A2,"h(U,V)=(B_1=S_1,\;A_1=U,\;B_2=S_2,\;A_2=V),\ \ S_1,S_2\ \text{the }\{0,1\}\text{ row selectors of the Kronecker index}","LoHa with \(r_1=k_1\), \(r_2=k_2\) and its B-factors frozen at the selectors (one of them scaled by \(\alpha/\gamma_{\rm LoHa}\)); pointed at \((S_1,0,S_2,V_0)\). Checked: \((S_1U)\odot(S_2V)\) has entry \(U_{a,j}V_{b,j}\) at row \((a,b)\)."
loretta,lora,A3,"h(\{G^i_{up}\},\{G^i_{down}\})=\big(\mathrm{TT}(\{G^i_{up}\}),\;\mathrm{TT}(\{G^i_{down}\})\big)","Into LoRA pointed at the split \((B_0,A_0)\) with residual \(W_0-B_0A_0\) (stratum S, like PiSSA or OLoRA but with a random P)."
tt-lora,lora,A3,"h(\mathcal C_1,\dots,\mathcal C_D)=\big(\mathcal C_1\times^1\cdots\times^1\mathcal C_c,\;\mathcal C_{c+1}\times^1\cdots\times^1\mathcal C_D\big)\ \text{reshaped to }d_{out}\times r_c,\ r_c\times d_{in}","When the reshape orders all output modes before the input modes (cut after core c, bond \(r_c\)), TT-LoRA factors through \(\mathrm{LoRA}_{r_c}\) (Thm II.10). With the Gaussian init this is a morphism between objects with a defect."
lotr,fact,A3,"h(A,B,\{G_s\})=\big(V=A,\;U=B,\;\Sigma_s=G_s^\top\big)","Isomorphism of unpointed objects when FacT-TT stacks the same matrices (FacT stacks all 12L ViT blocks, LoTR one family per stack); scales absorbed. As pointed objects it lands in FacT pointed at \((U,V,\Sigma)=(B_0,A_0,0)\), not at FacT's default \(V_0=0\), whose first-order space differs."
lotr,flora-tucker,A3,"h(A,B,\{G_s\})=\big(A_F=B,\;G_F=G_s^\top,\;B_F=A\big)_s","Diagonal copy of the shared frames into per-layer FLoRA, landing at FLoRA's own G = 0 pointing."
lotr,lora,A3,"h=\big(BG_s^\top,\;A^\top\big)_s","Per-layer LoRA pointed at \((0,A_0^\top)\) (stratum \(T_A\))."
lotr,sharelora,A3,"h=\big(\{B_s=BG_s^\top\}_s,\;A^\top\big)",ShareA with the shared down-projection \(A^\top\).
flora-tucker,lora,A3,"h(A,G,B)=\big(sAG,\;B^\top\big)","Into \(\mathrm{LoRA}_{r_2}\) (\(=\mathrm{LoRA}_r\) for \(r_1=r_2=r\)) pointed at \((0,B_0^\top)\), stratum \(T_A\); the mirror \((A,\,sGB^\top)\) lands in \(\mathrm{LoRA}_{r_1}\) at \((A_0,0)\), stratum \(T_B\)."
lorta,lora,A3,"h=\big(\mathcal B\,\mathrm{Diag}(C_L[l,:]\odot C_M[i,:]),\;A^\top\big)_{(l,i)},\ \ \mathcal B=\big[B\,\mathrm{Diag}(C_H[1,:]);\dots;B\,\mathrm{Diag}(C_H[H,:])\big]","Per-box \(\mathrm{LoRA}_r\), pointed at \(h(q_0)\); with a zero output factor \(B_0=0\) this is stratum \(T_A\)."
lorta,lotr,A3,"h=\big(A_{\rm LoTR}=A,\;B_{\rm LoTR}=\mathcal B,\;G_{(l,i)}^\top=\mathrm{Diag}(C_L[l,:]\odot C_M[i,:])\big)",LoTR with one stack per matrix type and the same frames for every type; diagonal cores.
lorta,metatt,A3,"h=\big(G_1=A,\;G_2[l]=\mathrm{Diag}(C_L[l,:]),\;G_3[i]=\mathrm{Diag}(C_M[i,:]),\;G_H[k]=\mathrm{Diag}(C_H[k,:]),\;G_4=B^\top\big)","MetaTT-5D (head mode) with all TT ranks r. Diagonal cores commute, so the mode order does not matter. The catalog records this pair only as 'competes-with', a literature relation; expressively LoRTA is a sub-object of MetaTT-5D."
lorta,fact,A3,"h=\big(U=\mathcal B,\;V=A,\;\Sigma_{(l,i)}=\mathrm{Diag}(C_L[l,:]\odot C_M[i,:])\big)","FacT-TT restricted to the attention blocks (the other blocks frozen at \(\Sigma=0\), an A2 sub-object of FacT)."
metatt,lotr,A3,"h(G_1,\{G_2[l]\},\{G_3[m]\},G_4)=\big(A=G_1,\;B=G_4^\top,\;G_{(l,m)}=G_2[l]G_3[m]\big)\ \text{per type }m","LoTR applied to every adapted type, one stack per type, all with the same frames. MetaTT's \(G_1=0\) pointing lands on LoTR pointed at \(A=0\) (not LoTR's G = 0 default). This contradicts the catalog's 'neither contains the other' when both adapt the same matrices."
metatt,lora,A3,"h=\big(G_4^\top G_3[m]^\top G_2[l]^\top,\;G_1^\top\big)_{(l,m)}","Per-box \(\mathrm{LoRA}_r\) pointed at \((B_0\ne0,A_0=0)\), stratum \(T_B\)."
mora,krona,A2,"M\mapsto(A_k,B_k)=(I_{d/\hat r},\ M/s)","Reshape variant only; KronA re-pointed at (I, 0) in its zero-factor stratum (its default pointing has a Kaiming-random non-zero factor)."
melora,lora,A2,"(B_i,A_i)_i\mapsto\big(\mathrm{blockdiag}(B_1,\dots,B_n),\ \mathrm{blockdiag}(A_1,\dots,A_n)\big)","LoRA_r pointed at (0, blockdiag(A_{i,0})), a T_A point; off-block entries frozen at their base value 0."
melora,gralora,A2,"(B_i,A_i)_i\mapsto\big(B_{ii}=B_i,\ A_{ii}=A_i^\top;\ (B_{ij},A_{ij})=(0,A_{ij,0})\ (i\neq j)\big)","GraLoRA with k = n blocks per side of rank r/k; off-diagonal blocks frozen at their base values, scales matched."
more,lora,A2,"(L,R)\mapsto(P_1LP_2,\ R)","LoRA_{N r_blk} pointed at (0, R_0) with R_0 block-diagonal (taking L as the zero factor); entries outside the Monarch patterns frozen at 0."
dsee,lora,A3,"(U,V,S)\mapsto\big([\,U\mid E_I\,\mathrm{diag}(S_\Omega)\,],\ [\,V;\ E_J^\top\,]\big),\quad E_I=[e_{i_1}\cdots e_{i_c}],\ E_J=[e_{j_1}\cdots e_{j_c}]","Into LoRA_{r+c} pointed at (0, [V_0; E_J^T]) (Algorithm-2 convention U_0 = 0): the sparse part is a sum of c coordinate rank-ones. LoRA's scale s is absorbed into the factors. [V_0; E_J^T] has full row rank only when the column indices of Omega are distinct; otherwise the pointing lies outside the three strata."
boft,boft,A2,"(Q_1,\dots,Q_{m'},s)\mapsto(Q_1,\dots,Q_{m'},0,s)","BOFT with m' butterfly factors into m'+1 factors of the same block size, the extra factor frozen at its base value R = I."
deft,lora,A3,"(P,R)\mapsto\big(P,\ R-\mathrm{relu}(P)^\top W_0\big)\quad(\text{QR: }(Q(P),\ R-Q(P)^\top W_0))","LoRA_r (scale absorbed) pointed at (P_0, 0), the T_B stratum; for the relu default an isomorphism of germs (relu is smooth away from zero entries of P_0)."
delora,lora,A3,"(B,A,\lambda)\mapsto\Big(\tfrac{\lambda}{r}\,B\,\mathrm{diag}\big(1/\max(\|b_i\|,\varepsilon)\big),\ \mathrm{diag}\big(1/\|a_i\|\big)\,A\,D_w\Big)","LoRA_r (scale 1) pointed at (0, diag(1/||a_{i,0}||) A_0 D_w), a T_A point; D_w = diagonal of the column norms of W_0, epsilon = 1e-4. h is smooth near q_0, where ||b_i|| < epsilon, and away from ||b_i|| = epsilon. It is a germ arrow, as HF's clamped rho itself is."
delora,dora,A3,"(B,A,\lambda)\mapsto\big(B',A',\ \mu=(\|(W_0+B'A')_{i,:}\|)_i\big),\ (B',A')\ \text{as in the LoRA arrow}","Composite of DeLoRA -> LoRA with LoRA -> DoRA (magnitudes set to the current row norms); DoRA pointed at A_0' = diag(1/||a_{i,0}||) A_0 D_w."
hra,lora,A3,"u\mapsto\big(W_0B(u),\ A(u)\big),\quad B(u)=\big[-2H_{u_1}\cdots H_{u_{i-1}}\hat u_i\big]_{i=1}^r,\ A(u)=\big[\hat u_1^\top;\dots;\hat u_r^\top\big]","Telescoping R - I = sum_i H_1...H_{i-1}(H_i - I); LoRA_r pointed at h(q_0), where B_0 A_0 = 0 with both factors non-zero (outside the three strata)."
ia3,hira,A3,"\ell\mapsto(\ell-\mathbf 1,\ \mathbf 1^\top)\ \ (k,v);\qquad \ell\mapsto(\mathbf 1,\ (\ell-\mathbf 1)^\top)\ \ (W_{\rm down})","HiRA_1 pointed at (0, 1^T) resp. (1, 0), not HiRA's random-A default pointing (Prop II.9(b))."
ia3,dora,A2,"\ell\mapsto\big(B=0,\ A=A_0,\ \mu=\ell\odot(\|w_{0,i}\|)_i\big)","On the output-scaled k, v boxes only: DoRA with B, A frozen at their base values is the output-scaling method; on W_down (IA)^3 scales the input side, which DoRA's magnitude cannot."
ln-tuning,ssf,A3,"(\gamma,\beta)\mapsto\big(\gamma'=\gamma\oslash\gamma_0,\ \beta'=\beta-(\gamma\oslash\gamma_0)\odot\beta_0\big)\ \text{on SSF's post-norm wrappers; other wrappers at }(\mathbf 1,0)","Requires gamma_0 without zero entries and an SSF that wraps every norm that LN-tuning trains; SSF pointed at its exact identity (its official N(1, 0.02) init is a small defect). rho_SSF o h = rho_LN holds in Theta when SSF's post-norm scale-shift is realised by folding into that norm's (gamma, beta). If it is folded into the next linear box instead, the identity holds only at function level."
oft,boft,A2,"Q\mapsto(Q,\ s=\mathbf 1)\ \text{in BOFT}(1,b)",BOFT with one butterfly factor and boft_s frozen at its base value 1.
oft,goft,A3,"t\mapsto\big(\theta^{(1)}_k=2\arctan t_k,\ \theta^{(\ell)}=0\ (\ell\ge2)\big)","Block size b = 2 only: the 2x2 Cayley blocks are GOFT's first Givens layer on the pairs (2k, 2k+1) (up to GOFT's sign convention)."
oftv2,qgoft,A3,"t\mapsto\Big(\tilde G^{(1)}_k=(1-t_k^2)\begin{pmatrix}1-t_k^2&-2t_k\\2t_k&1-t_k^2\end{pmatrix},\ \tilde G^{(\ell)}=I\ (\ell\ge2)\Big)","Block size b = 2 only: a 2x2 Cayley-Neumann block is a scaled rotation in CO^+(2), i.e. a quasi-Givens block of qGOFT's first layer."
osf,milora,A3,"(U,\Sigma,V)\mapsto\big(U\,\Sigma\,S_{lo}^{-1/2},\ S_{lo}^{1/2}V^\top\big)","MiLoRA_k with k = min(m,n) - effective_rank, pointed at (U_lo S_lo^{1/2}, S_lo^{1/2} V_lo^T); holds with or without the gradient projection."
psoft,lora-xs,A3,"(Q,\alpha,\beta)\mapsto\Sigma_r\big(D_\beta C(Q)^\top D_\alpha-I\big)\Sigma_r^{-1}","The LoRA-XS core R in the frames B_0 = U_r, A_0 = Sigma_r V_r^T (up to its transpose convention), pointed at R = 0."
psoft,pissa,A3,"(Q,\alpha,\beta)\mapsto\big(U_r\Sigma_rD_\beta C(Q)^\top D_\alpha\Sigma_r^{-1/2},\ \Sigma_r^{1/2}V_r^\top\big)","PiSSA_r at its own point (U_r Sigma_r^{1/2}, Sigma_r^{1/2} V_r^T): the composite of the LoRA-XS arrow with LoRA-XS -> PiSSA."
dora,bidora,A3,\mathrm{id},Same parametrisation (scale absorbed): an isomorphism; BiDoRA differs only in its bi-level training.
dora,glora,A3,"(B,A,\mu)\mapsto\big(B_A=c-\mathbf 1,\ A_A=\mathbf 1^\top;\ B_B=\mathrm{diag}(c)\,sB,\ A_B=A\big),\quad c=\mu\oslash\big(\|(W_0+sBA)_{i,:}\|\big)_i","GLoRA (A path rank >= 1, B path rank r) re-pointed at (0, 1^T; 0, A_0), since diag(c)(W_0 + sBA) = W_0 + W_0 (.) ((c - 1) 1^T) + diag(c) sBA."
goft,qgoft,A3,\theta\mapsto\Big(\tilde G_t=\begin{pmatrix}\cos\theta_t&-\sin\theta_t\\ \sin\theta_t&\cos\theta_t\end{pmatrix}\Big)_t,Each Givens rotation is a particular quasi-Givens block; identity at theta = 0.
goft,boft,A3,"\theta\mapsto\big(t=\tan(\theta/2)\ \text{on the kept }2\times2\text{ blocks},\ 0\ \text{on the others},\ s=\mathbf 1\big)","BOFT(log2 d, 2) with the non-GOFT rotations and boft_s frozen at their base values; up to factor-ordering and permutation conventions; a germ arrow (Cayley excludes the angle pi)."
ether-plus,lora,A3,"q\mapsto\Big(\big[\,[\hat{\tilde v}_j,-\hat{\tilde u}_j]_j,\ W_0[\hat v_j,-\hat u_j]_j\,\big],\ \big[\,[\hat{\tilde v}_j,\hat{\tilde u}_j]_j^\top W_0H^+;\ [\hat v_j,\hat u_j]_j^\top\,\big]\Big)","From Delta W = (H~+ - I) W_0 H+ + W_0 (H+ - I); LoRA of rank 2(#left blocks + #right blocks), pointed at h(q_0) with B_0 A_0 = 0."
spectral-adapter-r,lora-xs,A3,"(Q_U,Q_V)\mapsto C(Q_U)\,S_1\,C(Q_V)^\top S_1^{-1}-I","LoRA-XS core in the frames (U_1, S_1 V_1^T), pointed at 0."
spectral-adapter-r,pissa,A3,"(Q_U,Q_V)\mapsto\big(U_1C(Q_U)S_1C(Q_V)^\top S_1^{-1/2},\ S_1^{1/2}V_1^\top\big)","PiSSA_r at its own point (U_1 S_1^{1/2}, S_1^{1/2} V_1^T)."
spectral-adapter-a,pissa,A3,"(A_U,A_V)\mapsto\big((U_1+A_U)S_1^{1/2},\ S_1^{1/2}(V_1+A_V)^\top\big)",A pointed isomorphism (affine and invertible).
svdiff,svft,A3,\delta\mapsto\mathrm{ReLU}(\sigma+\delta)-\sigma,"SVFT with the plain (diagonal) pattern, pointed at M = 0 (SVFT's official init is a small defect); piecewise smooth, smooth near delta = 0."
svdiff,svf,A3,\delta\mapsto\mathrm{ReLU}(\sigma+\delta)\oslash\sigma,"SVF in the paper's form U diag(sigma (.) z) V^T, pointed at z = 1."
svf,svft,A3,z\mapsto\sigma\odot(z-\mathbf 1),A pointed isomorphism onto diagonal SVFT (pointed at M = 0).
bidora,dora,A3,\mathrm{id},Same parametrisation: an isomorphism.
ssf,glora,A3,"(\gamma,\beta)\mapsto\big(B_A=\gamma-\mathbf 1,\ A_A=\mathbf 1^\top;\ D=\gamma-\mathbf 1;\ E=\beta\big)\ \text{(other paths at zero)}","Post-linear wrappers only; GLoRA with D, E in vector mode (not the PEFT default), re-pointed at A_A = 1^T."
red,ssf,A2,"(\ell_s,\ell_b)\mapsto\big((\gamma,\beta)_{\rm FFN\ out}=(\ell_s,\ell_b);\ \text{all other SSF wrappers at }(\mathbf 1,0)\big)",SSF pointed at its exact identity.
liera,hira,A3,"h(B,A)=(B,A)","Isomorphism: the first-order LieRA map \(W_0\odot(J+BA)\) is HiRA's \(\rho\), with the same pointing \(B_0=0\)."
liera,flora-batched,A3,"h(B,A)=\big([\mathbf 1_m\;B],\,[\mathbf 1_n^\top;A]\big)","\(W_0\odot(J+BA)=W_0\odot([\mathbf 1\,B][\mathbf 1^\top;A])\): lands in FLoRA\(_{r+1}\) pointed at \(([\mathbf 1,0],[\mathbf 1^\top;A_0])\), a factorisation of \(J\). FLoRA's \(1/(r+1)\) mean reduction is absorbed by scaling both factors by \(\sqrt{r+1}\)."
liera,loha,A3,"h(B,A)=(B,A,U_0,V_0^\top),\quad U_0V_0^\top=W_0","HiRA/LieRA is LoHa with its second Hadamard factor frozen at a rank-\(\operatorname{rk}W_0\) factorisation of \(W_0\): \(W_0+(BA)\odot W_0\). Lands in LoHa\(_{r,\operatorname{rk}W_0}\) pointed at \((0,A_0,U_0,V_0^\top)\), not HF's default pointing."
flora-batched,hira,A3,"h(B,A)=\big([\tfrac1rB\;\,{-\mathbf 1_m}],\,[A;\mathbf 1_n^\top]\big)","With the paper's mean reduction \(\rho(B,A)=W_0\odot\tfrac1rBA\): \(W_0\odot\tfrac1rBA=W_0\odot(J+[\tfrac1rB,-\mathbf 1][A;\mathbf 1^\top])\), so it lands in HiRA\(_{r+1}\) pointed at \(([\tfrac1rB_0,-\mathbf 1],[A_0;\mathbf 1^\top])\), whose product \(\tfrac1rB_0A_0-J\) vanishes (drop the \(\tfrac1r\) for a plain sum). This is not HiRA's default \(B=0\) pointing."
residual-adapter,lora-fa,A3,"h(\alpha,D_1,D_2)=D_2(I+\alpha D_1)-I\ \ \text{as the trainable }B,\ \text{with }A_0=W_0,\ r=C","\(GW_0=W_0+(G-I)W_0\), so it is LoRA-FA with frozen \(A_0=W_0\) (unfolded, \(C\times9C\)), pointed at \(B=0\). Here \(W_0\) is the base conv with the base BN affine maps folded in (so \(D_1^0=D_2^0=I\) and \(h(q_0)=0\)); the merged BN shift is a bias change, so the exact target is LoRA-FA\((W_0)\oplus\) BitFit (A5). Composing with LoRA-FA\((A_0)\hookrightarrow\) LoRA (A2) gives residual adapter \(\to\) LoRA\(_C\)."
adapterdrop,pfeiffer-adapter,A2,"h(q_{>n})=\big((U_l{=}0,\,D_l{=}D_l^0)_{l\le n},\ q_{>n}\big)","Specialised AdapterDrop is the Pfeiffer adapter with the bottom-\(n\) adapters frozen at the neutral point; pointed, since all-neutral maps to all-neutral."
adapterdrop,houlsby-adapter,A2,"h(q_{>n})=\big((U_l{=}0,\,D_l{=}D_l^0)_{l\le n},\ q_{>n}\big)",The same freezing when AdapterDrop is applied to Houlsby adapters (two per layer).
parallel-adapter,adaptformer,A3,"h(W_{down},b_{down},W_{up},b_{up})=\big(W_{down},b_{down},\tfrac{s}{0.1}W_{up},\tfrac{s}{0.1}b_{up}\big)","An isomorphism: the same ReLU bottleneck on the FFN input, differing only in the fixed scale (\(s\) against AdaptFormer's \(0.1\))."
adamix,houlsby-adapter,A3,"h\big((W^{down}_k)_{k\le M},\,W^{up}\big)=\big(\tfrac1M\textstyle\sum_kW^{down}_k,\ W^{up}\big)",The inference collapse is a linear pointed map into one Houlsby adapter; experts at the neutral point (\(W^{up}=0\)) go to the neutral point. Average the \(W^{up}_j\) too when they are not shared.
llama-adapter,llama-adapter-v2,A2,"h(P,g)=\big(P,\,g,\ s=\mathbf 1,\ b=0,\ \gamma=\gamma_0,\ \text{visual branch at its zero gate}\big)","V1 is V2 with the bias/scale, norm and early visual-fusion parameters frozen at their neutral base values. This assumes V2 keeps V1's zero-gated adaption prompts in the last \(L'\) layers."
adaptformer,parallel-adapter,A3,"h(W_{down},b_{down},W_{up},b_{up})=\big(W_{down},b_{down},\tfrac{0.1}{s}W_{up},\tfrac{0.1}{s}b_{up}\big)",An isomorphism: the same ReLU bottleneck reading the MLP input \(\mathrm{LN}(x')\); only the fixed scale differs.
repadapter,lora,A3,"h(W_u,W_d)=\big((sW_0^{(x)}W_u,\ W_d)\big)_{x\in\{q,k,v\}}","The merged update \(\Delta W^{(x)}=sW_0^{(x)}W_uW_d\) is a point of LoRA\(_r^{\times3}\) pointed at \((0,W_d^0)\) (\(\mathrm T_A\) stratum); the bias shift needs \(\oplus\) BitFit (A5). With a shared \(A\) and tied \(B\) it is a constrained LoRA, not an equivalent one."
cartridges,prefix-tuning,A2,"h(Z)=\big([z^{(l)}_{\mathrm{sink}};Z_k^{(l)}],\,[z^{(l)}_{v,\mathrm{sink}};Z_v^{(l)}]\big)_{l\le L}",Freezing the sink slot at its base value; prefix tuning pointed at the corpus KV cache. Pure A2 in the direct parameterisation; with Li–Liang's MLP compose with the section \(W_2\mapsto W_2^0+H_0^{+}(\cdot)\) of Obs III.2 (hidden ≥ p). Arrow of the unpointed slice over the realisation.
cpt,prompt-tuning,A2,"h(E_{\mathrm{ctx}})=\big(E_{\mathrm{ctx}},\,E^{0}_{\mathrm{label}}\big)\quad(\|E_{\mathrm{ctx}}-E^0_{\mathrm{ctx}}\|\le\varepsilon)","Label-token coordinates frozen at their embeddings and the domain restricted to the ε-ball; prompt tuning over the whole demonstration context, pointed at the demonstration embeddings."
multitask-prompt-tuning,prompt-tuning,A3,"h(P^*,u,v)=P^*\odot uv^\top",Prompt tuning pointed at \(P^*_0\odot u_0v_0^\top\); h is the quotient by the torus gauge.
p-tuning,prompt-tuning,A3,"h(P,\psi)=f_\psi(P)",All-front template (HF PromptEncoder); prompt tuning pointed at \(f_{\psi_0}(P_0)\). With interleaved anchors the same h lands in prompt tuning at the template positions.
prefix-tuning,p-tuning-v2,A3,"h(P',\theta)=\big(\mathrm{MLP}_\theta(P'),\,W^{0}_{\mathrm{cls}}\big)",Obs III.2: the MLP is the 2-cell \(\sigma\); P-tuning v2 taken with its head frozen at the LM head/verbalizer (A2) and pointed at \(\mathrm{MLP}_{\theta_0}(P'_0)\).
prefix-tuning,initial-state-tuning,A3,"h\big(x^{(l)}_{-\ell..-1}\big)=\Big(\textstyle\sum_{i=1}^{\ell}\bar A_l^{\,i-1}\bar B_l\,x^{(l)}_{-i}\Big)_{l}","On S4 (LTI) SSM layers only (Galim et al., Prop 1): a per-layer prefix acts solely through the state it leaves; same causality argument as Thm VI.5(e). Initial-state tuning pointed at h(q0)."
prefix-tuning,mam-adapter,A5,"h(P',\theta)=\big(P',\,\theta,\,W_{\mathrm{up}}=0,\,W^{0}_{\mathrm{down}}\big)","MAM = prefix ⊕ scaled parallel adapter, with its prefix trained through the same Li–Liang MLP (He et al.), so h is the identity on (P',θ) and puts the adapter summand at its neutral point W_up=0. MAM pointed at (P'_0,θ_0,0,W^0_down)."
prompt-tuning,p-tuning-v2,A3,"h(p)=\big((K_j(p),V_j(p))_{j\le L},\,W^0_{\mathrm{cls}}\big)","Thm VI.5(e): causal decoder, prompt first, matched position offsets (or relative positions); P-tuning v2's head frozen at the verbalizer. Fails in bidirectional encoders of depth ≥ 2."
prompt-tuning,p-tuning,A3,"h(P)=\big(P'_0,\;\psi_0\ \text{with}\ W_2\mapsto W_2^0+H_0^{+}(P-P_0)\big)","Section of the encoder through its last linear layer (H_0 = penultimate features at q0, full row rank when hidden ≥ ℓ, cf. Obs III.2); a shift of the shared output bias would not do, since the encoder acts row-wise."
prompt-tuning,multitask-prompt-tuning,A3,"h(P)=\big(P\oslash u_0v_0^\top,\,u_0,\,v_0\big)","Section of the Hadamard torus bundle, valid when u_0,v_0 have no zero entries; MPT pointed at h(P_0)."
prompt-tuning,attempt,A3,"h(P)=\Big(P_{\mathrm{tgt}}=\tfrac{(t+1)P-\sum_{j\le t}P_j}{t+2},\ \gamma=0,\ \beta=0,\ W^0_{\mathrm{down}},\ W^0_{\mathrm{up}}\Big)","Router LayerNorm gain and bias set to 0, so H_out=0 and the mixture weights are uniform, a_j=1/(t+1); then P_inst=((t+2)P_tgt+Σ_{j≤t}P_j)/(t+1)=P for every input. ATTEMPT pointed at h(P_0) (zero router gain), an arrow of the unpointed slice; with the O1 obstruction in ATTEMPT's entry the inclusion is strict."
ppt,prompt-tuning,A3,h=\mathrm{id}_{\mathbb R^{\ell\times d}},Isomorphism onto prompt tuning pointed at \(P^\star\).
spot,prompt-tuning,A3,h=\mathrm{id}_{\mathbb R^{\ell\times d}},Isomorphism onto prompt tuning pointed at \(P_{s^\star}\).
residual-prompt-tuning,prompt-tuning,A3,"h(P,W_{\rm down},W_{\rm up},\mathrm{LN})=\mathrm{LN}\big(\mathrm{ReLU}(PW_{\rm down})W_{\rm up}\big)+P",The reparametrisation itself; prompt tuning pointed at \(\Phi_0(P_0)\).
xprompt,prompt-tuning,A2,"h(P_S)=\big(P_S,\,0_{S^c}\big)","Pruned tokens/pieces frozen at 0 (XPrompt's γ·P keeps them as zero vectors); prompt tuning pointed at the rewound masked prompt. If pruned tokens are instead dropped from the sequence, the same A2 arrow lands in prompt tuning of the kept length, with only the pruned pieces frozen at 0."
black-box-tuning,prompt-tuning,A3,h(z)=Az+p_0,Prompt tuning pointed at p_0; a monomorphism (A injective).
vpt,p-tuning-v2,A3,"h(P,\mathrm{Head})=\Big(\big(\mathrm{LN}(P_{i-1})W_k^{(i)}+\mathbf 1b_k^{(i)\top},\,\mathrm{LN}(P_{i-1})W_v^{(i)}+\mathbf 1b_v^{(i)\top}\big)_{i\le L},\,\mathrm{Head}\Big)","VPT-Deep: prompt outputs are discarded each layer, so image tokens see them only as extra keys/values; deep prompts with a linear head, pointed at h(q0)."
coop,prompt-tuning,A3,h=\mathrm{id}_{\mathbb R^{\ell\times d}},"Same parameterisation on the CLIP text tower (context in front of the class tokens), shared across the K class sequences."
coop,cocoop,A2,"h(V)=\big(V,\ \theta\ \text{with}\ W_2=0,\ b_2=0\big)","Meta-net output layer frozen at 0, so h_θ(f(x))=0; CoCoOp pointed at that zero-output meta-net."
initial-state-tuning,prefix-tuning,A3,"h(h')=\big(\mathcal C_{\ell,l}^{+}\,h'_l\big)_l,\quad \mathcal C_{\ell,l}=[\bar B_l,\bar A_l\bar B_l,\dots,\bar A_l^{\ell-1}\bar B_l]","S4 layers, per-layer virtual tokens of length ℓ ≥ H, controllable pair (Galim et al., converse of Prop 1); h(0)=0, and the zero prefix is neutral on S4."
beft,bitfit,A2,"h(\Delta b_v)=\big(\Delta b_v,\,0_{\text{other biases}}\big)",Freezing every other bias at its pretrained value.
super-tuning,shira,A3,h=\mathrm{id},"PEFT magnitude mode with select_top=True is SHiRA with its weight-magnitude (WM) mask, top-|W_0|; isomorphism."
super-tuning,pafi,A5,"h(U)=\big(U,\,\gamma_0,\,\beta_0\big)","BottomK magnitude mask = PaFi's support; PaFi also trains norm parameters, which sit at their base values."
trainable-tokens,lora,A2,"h(X)=(S_T,\,X),\quad X=V_T-E_{0,T}","Freezing B at the selector: LoRA_{|T|} on the embedding pointed at (S_T,0), the T_B stratum (cf. MiCA → LoRA pointed at (B_0,0))."
trainable-tokens,shira,A3,h=\mathrm{id},SHiRA with the support T × [d] (whole rows); the mask methods form one family indexed by support.
bitfit,ssf,A2,"h(\Delta b)=\big(\gamma=\mathbf 1,\ \beta=\Delta b\big)","With SSF inserted after every biased linear op and LayerNorm: freezing the scales at 1 leaves shifts that are exactly bias edits; SSF pointed at its exact identity (1,0) (official init is ≈)."
fish-mask,diff-pruning,A2,"x\mapsto(\alpha_0,\ \iota_M x)",Freeze Diff pruning's gates at their clamped init value \(z=\mathbf 1\) and \(w\) at 0 off \(M\): FISH\((M)\) is the stratum \(M\) of the learned-support cone (within the L0 budget when \(|M|\le k\)).
fish-mask,rosa,A5,"x\mapsto\big((0,A_0),\ x\big)","With RoSA's sparse support equal to \(M\), FISH is the sparse summand of LoRA \(\oplus\) sparse, the LoRA part held at its base value."
child-tuning,fish-mask,A3,\mathrm{id}_{\mathbb R^M},"Isomorphism for a common support \(M\); Child-Tuning\(_D\) uses the empirical Fisher with gold labels and FISH samples \(y\sim p_\theta\), so the selected masks can differ."
child-tuning,diff-pruning,A2,"x\mapsto(\alpha_0,\ \iota_M x)",The fixed mask is one stratum of the learned-support cone.
lt-sft,diff-pruning,A2,"x\mapsto(\alpha_0,\ \iota_M x)",The lottery-ticket support is one stratum of the learned-support cone.
spt,rosa,A2,"\big((B_s,A_s)_{s\in S},\,(x_u)_{u\in U}\big)\mapsto\big((B_s,A_s)_{s\in S},\,(0,A_{0,u})_{u\in U};\ \iota(x)\big)",RoSA on all of SPT's boxes with SPT's masks as its sparse support: freeze RoSA's LoRA at its base value on the boxes where SPT uses masks.
pafi,diff-pruning,A2,"x\mapsto(\alpha_0,\ \iota_M x)",The bottom-\(k\) support (and LN coordinates) is one stratum of the learned-support cone.
smt,diff-pruning,A2,"x\mapsto(\alpha_0,\ \iota_M x)","The tile support is one fixed coordinate set, a stratum of the learned-support cone."
spiel,diff-pruning,A2,"(\eta,\phi)\mapsto\big(\alpha_0,\ \mathrm{scatter}(\eta,\phi)\big)",Componentwise on each support \(\eta\): every per-tensor stratum is a stratum of the global \(k\)-sparse union with \(k=\sum d_\phi\).
gps,diff-pruning,A2,"x\mapsto(\alpha_0,\ \iota_M x)",The row-balanced support is one stratum of the learned-support cone.
s2ft,lora-fa,A3,V\mapsto s^{-1}V\quad(A_0:=U_S^\top),Isomorphism S\(^2\)FT \(\cong\) LoRA-FA\((A_0=U_S^\top)\) of rank \(|S|\); \(s\) is LoRA-FA's scale.
s2ft,lora,A2,"V\mapsto(s^{-1}V,\ U_S^\top)","LoRA pointed at \((0,U_S^\top)\), the same stratum as the default pointing \((0,A_0)\) (Thm II.2)."
s2ft,diff-pruning,A2,"x\mapsto(\alpha_0,\ \iota_M x)",The \(s\) selected columns form one fixed coordinate set.
sift,diff-pruning,A2,"x\mapsto(\alpha_0,\ \iota_M x)",The first-gradient support is one stratum of the learned-support cone.
hift,surgical-fine-tuning,A3,\mathrm{id}_{\Theta_{G_j}},Per stage: stage \(j\) of HiFT is the forward linear method of surgical FT on the block \(G_j\).
surgical-fine-tuning,diff-pruning,A2,"x\mapsto(\alpha_0,\ \iota_M x)",The block's coordinates form one fixed support; inside the \(k\)-sparse union only when \(|\Theta_{B_j}|\le k\).
surgical-fine-tuning,hift,A5,q\mapsto(\text{stage } j: q;\ \text{other stages}: 0),"When \(B_j\) is a HiFT group, the one-stage scheme embeds as stage \(j\) of HiFT's cycle, the other stages padded with their base value."
piggyback,diff-pruning,A3,"M\mapsto\big(\alpha_0,\ -(\mathbf 1-M)\odot W_0\big)","\(Q\) read as the discrete set of binary masks; defined on masks zeroing at most \(k\) entries (all masks for the unbudgeted relaxation), pointed since \(h(\mathbf 1)=(\alpha_0,0)\)."
piggyback,hira,A3,"M\mapsto(M-\mathbf 1,\ I_n)","HiRA \(W_0\odot(\mathbf 1+BA)\) with inner rank \(r=n\), pointed at \((0,I_n)\) (for \(r=n\) every \(B_0=0\), full-rank-\(A_0\) pointing is isomorphic to this one); both keep the zeros of \(W_0\). For \(r<\min(m,n)\) and \(W_0\) without zeros there is no arrow (O1): \(W_0\odot M\in\mathrm{Im}\,\mathrm{HiRA}_r\) needs \(\operatorname{rank}(M-\mathbf 1)\le r\), which a generic binary mask violates."
sam-sparse,diff-pruning,A2,"x\mapsto(\alpha_0,\ \iota_M x)",The SAM support is one stratum of the learned-support cone.
lift,diff-pruning,A2,"x\mapsto(\alpha_0,\ \iota_{M_0}x)",First interval only (mask \(M_0\) from \(\mathrm{SVD}_r(W_0)\)); later intervals are the same kind of object re-based at \(W_t\).
qa-lora,qlora,A3,"(B,A)\mapsto(\tfrac{s}{s^\prime}B,\ AP)","\(s^\prime\) is QLoRA's scale. Into QLoRA's construction (LoRA\(_r\) over \(\kappa\theta_0\)) pointed at \((0,A_0P)\): a \(\mathrm T_A\) pointing whose row space lies in the group-constant subspace, hence not isomorphic to QLoRA's random-\(A_0\) pointing (Thm II.2(a)). Needs the same quantised base (GPTQ INT-\(k\)); NF4-QLoRA has a different base point."
qlora,ir-qlora,A2,"(B,A)\mapsto(\tfrac{s}{\alpha}B,\ A,\ 0,\ 0)","\(s\) is QLoRA's scale, \(\alpha\) IR-QLoRA's. Freeze the elastic scalars \(\beta_1,\beta_2\) at their base value 0; needs a common quantised base (ICQ's calibrated shift \(\tau^*\) moves IR-QLoRA's base)."
ir-qlora,qlora,A3,"(B,A,\beta_1,\beta_2)\mapsto(\tfrac{\alpha}{s}(B+\beta_2E),\ A+\beta_1P)","\(s\) is QLoRA's scale; pointed (\(h(q_0)=(0,A_0)\)); needs the same quantised base, since IR-QLoRA's base differs from NF4 by \(\tau^*\)."
peqa,efficientqat,A3,\Delta s\mapsto\Delta s\otimes\mathbf 1_{n/g}^\top,"In increment coordinates (\(s=s_0+\Delta s\) on both sides): broadcast each channel scale to the groups of its row. Valid over common frozen codes and zero-points and row-constant initial step sizes \(s_0\otimes\mathbf 1_{n/g}^\top\) (EfficientQAT's E2E-QP is group-wise PEQA over the Block-AP base, whose step sizes are generally not row-constant)."
loqt,galore,A3,B\mapsto sB,"Per stage, LoQT-nq with \(B_0=0\) and the same \(P_k\): both are the linear method \(W_k+P_kX\); dynamics differ (reset versus carried-over state)."
loqt,lora,A2,"B\mapsto(P_k,\ \tfrac{s}{s^\prime}B)","Per stage (LoQT-nq): freezing LoRA's left factor at \(P_k\), into LoRA pointed at \((P_k,0)\) (FB\((P_k)\hookrightarrow\) LoRA); \(s^\prime\) is LoRA's scale."
galore,lora-fa,A3,C\mapsto s^{-1}C\quad(A_0:=P_k^\top),"Per period, right-projection case (\(d_{out}>d_{in}\); here \(P_k^\top\in\mathbb R^{r\times d_{in}}\) denotes the transposed top-\(r\) right singular vectors): GaLore's period \(W_k+CP_k^\top\) is LoRA-FA\((P_k^\top)\); \(s\) is LoRA-FA's scale."
galore,lora,A2,"C\mapsto(P_k,\ s^{-1}C)","Left-projection case (\(d_{out}\le d_{in}\)): per period FB\((P_k)\hookrightarrow\) LoRA pointed at \((P_k,0)\); trajectories agree under Prop IV.2 (Adam, no weight decay, state carried on both sides)."
galore-2,galore,A3,\mathrm{id},"Per period, isomorphic objects for a common \(P_k\); the randomised SVD only perturbs the frame."
flora-opt,lora-fa,A3,C\mapsto s^{-1}C\quad(A_0:=A_t),Per period: Flora's period is LoRA-FA\((A_t)\) pointed at \(C=0\).
flora-opt,relora,A2,"C\mapsto(s^{-1}C,\ A_t)","Per stage: freezing ReLoRA's \(A\) at its restart value; same stratum \((0,A)\) as ReLoRA's restart pointing when \(A_k=A_t\)."
online-subspace-descent,lora,A2,"h(X)=(P_t,\,X)","Within one step at base \(\theta_t\), OSD is \(\mathrm{FB}(P_t):X\mapsto\theta_t+P_tX\), the frozen-\(B\) sub-object of LoRA pointed at \((P_t,0)\)."
adam-mini,lomo,A3,h=\mathrm{id}_\Theta,"Both are the terminal object with forward map \(\mathrm{id}_\Theta\). They differ only in optimizer data (Def III.1), not as objects."
adalomo,lomo,A3,h=\mathrm{id}_\Theta,"The same object (Full FT). AdaLomo adds a factored adaptive learning rate, which is trained-method data."
model-soups,task-arithmetic,A3,h(\ast)=\mathbf 1_S/|S|,The soup is the point \(\lambda=\mathbf 1_S/|S|\) of task arithmetic's family. This is an arrow of the unpointed slice (task arithmetic pointed at \(h(\ast)\)).
task-arithmetic,adamerging,A3,"h(\lambda)=(\lambda_i^{l}=\lambda_i)_{i,l}","Global coefficients are the layer-constant points of AdaMerging's family (AdaMerging pointed at \(h(0)=0\), not at its \(0.3\) init)."
task-arithmetic,lora-soups,A3,"h(\lambda)=(\alpha_i^{l}=\lambda_i)_{i,l}","For LoRA task vectors \(\tau_i=B_iA_i\), task arithmetic is the layer-constant sub-object of CAT."
task-arithmetic,ziplora,A3,"h(\lambda_c,\lambda_s)=(\lambda_c\mathbf 1,\ \lambda_s\mathbf 1)","With two LoRA updates, scalar weights are constant merger vectors (ZipLoRA pointed at \(m=0\), not at its all-ones init)."
adamerging,lora-soups,A3,h=\mathrm{id}:\ \lambda_i^{l}\mapsto\alpha_i^{l},"When \(\tau_i^l=B_i^lA_i^l\), layer-wise AdaMerging and CAT are the same object (CAT pointed at \(h(q_0)\)). They differ in loss and initialisation."
knots,task-arithmetic,A3,h=\mathrm{id}_\lambda,"With TA as the inner rule, KnOTS and task arithmetic have the same coefficient family."
pem-arithmetic,task-arithmetic,A3,"h(\lambda)=(\lambda,\,1-\lambda)",(IA)\(^3\) modules only: \(\ell\mapsto\lambda\ell_1+(1-\lambda)\ell_2\) and \(\ell\mapsto2-\ell\) are task arithmetic on the updates \(\mathrm{diag}(\ell-\mathbf 1)W_0\). This is an arrow of the unpointed slice.
lorahub,lora,A3,"h(w)=\big(\textstyle\sum_iw_iB_i,\ \sum_iw_iA_i\big)","Into LoRA\(_r\) pointed at the origin \((0,0)\), the degenerate pointing with \(S_1=0\). There is no pointed arrow into the standard pointing \((0,A_0)\)."
lora-soups,lora,A3,"h(\alpha)=\big([\alpha_1B_1\ \cdots\ \alpha_NB_N],\ [A_1;\dots;A_N]\big)","Per layer, into LoRA\(_{\sum r_i}\) pointed at \((0,[A_1;\dots;A_N])\). The pointing is standard iff the stacked \(A\) has full row rank (Obs I.7)."
lora-soups,adamerging,A3,h=\mathrm{id}:\ \alpha_i^{l}\mapsto\lambda_i^{l},The same object as layer-wise AdaMerging on LoRA task vectors (AdaMerging pointed at \(h(q_0)\)).
lora-lego,lora-soups,A3,h(\ast)=N^{-1/2}\mathbf 1,"Only at \(k=\sum_ir_i=Nr\), where clusters are singletons: the output \(N^{-1/2}\sum_iB_iA_i\) is a point of CAT's family (CAT pointed at \(h(\ast)\))."
ziplora,lora,A3,"h(m_c,m_s)=\big([B_c\ B_s],\ [A_c\,\mathrm{diag}(m_c);\ A_s\,\mathrm{diag}(m_s)]\big)","Into LoRA\(_{r_c+r_s}\) pointed at \(h(\mathbf 1,\mathbf 1)\), with the same defect. Only the \(A\)-side moves, so the image lands in the frozen-\(B\) sub-object."
mix-of-show,regmean,A3,h(\ast)=(\alpha=1),"Read RegMean as its shrinkage family \(\alpha\mapsto W^\star(\alpha)\) over fixed Gram matrices. Mix-of-Show's fused weight is its point \(\alpha=1\), given the same Gram matrices (Mix-of-Show obtains them by sampling). This is an arrow of the unpointed slice. It is not A2, because \(\alpha=1\) is not RegMean's default \(0.9\)."
orthogonal-adaptation,lora-fa,A3,h=\mathrm{id},"It is LoRA-FA\((A_i)\), with \(A_i\) an orthonormal slice of a shared random basis."
orthogonal-adaptation,lora,A2,"h(B)=(B,\,A_i)","The frozen-\(A\) sub-object of LoRA pointed at \((0,A_i)\)."
multi-lora-composition,lora-soups,A3,"h_t(\ast)=w_{i(t)}\,e_{i(t)}","Switch only, fibrewise over steps: each step's weight is a point of CAT's family (CAT pointed at \(h(\ast)\)). Composite has no weight-space fibre."
polytropon,mhr,A3,"h(A,B,Z)=(A,\,B,\,Z\otimes\mathbf 1_h)",Copy the routing logits to every head (MHR pointed at \(h(q_0)\); its heads are initialised independently).
polytropon,lora,A3,"h_\tau(A,B,Z)=\big(\textstyle\sum_j\alpha_{\tau j}B_j,\ \sum_j\alpha_{\tau j}A_j\big)","Fibrewise over tasks, into LoRA\(_r\) pointed at \((0,\sum_j\alpha_{\tau j}A_j^0)\)."
mhr,lora,A3,"h_\tau(A,B,Z)=(B^\tau,\,A^\tau)","Fibrewise over tasks, with \(A^\tau=\mathrm{concat}_k\sum_j\alpha_{\tau jk}A_j[k]\) and likewise \(B^\tau\). The target is LoRA pointed at \((0,A^\tau_0)\)."
smear,houlsby-adapter,A3,"h_v(\theta_1,\dots,\theta_N,W_r)=\textstyle\sum_iR(v)_i\theta_i","Fibrewise over inputs: each example runs one bottleneck adapter (the target is pointed at \(h(q_0)\), a defect)."
mov,ia3,A3,"h_x(\ell_1,\dots,\ell_N,W_g)=\textstyle\sum_is_i(x)\ell_i",Fibrewise over tokens and pointed: \(h_x(q_0)=\mathbf 1\).
mov,loramoe,A3,"h(B_i,A_i,W_g)=(\tfrac r\alpha B_i,\,A_i,\,W_g^\top)\ \text{(MoLoRA variant)}","MoLoRA's \(\Delta W(x)=\sum_is_i(x)B_iA_i\) is LoRAMoE's routed family. \(h\) absorbs LoRAMoE's scale \(\alpha/r\) and its transposed router convention, so it is the inverse of LoRAMoE's arrow to MoV."
loramoe,lora,A3,"h_x(B,A,W_g)=\big(\tfrac\alpha r[\omega_1(x)B_1\ \cdots\ \omega_N(x)B_N],\ [A_1;\dots;A_N]\big)","Fibrewise over tokens, into LoRA\(_{Nr}\) pointed at \((0,[A_1^0;\dots;A_N^0])\)."
loramoe,mov,A3,"h(B_i,A_i,W_g)=(\tfrac\alpha rB_i,\,A_i,\,W_g^\top)",Isomorphic to MoLoRA's routed family.
moelora,lora,A3,"h_\tau(B,A,e,W_T)=\big([\omega_{\tau1}B_1\ \cdots\ \omega_{\tau N}B_N],\ [A_1;\dots;A_N]\big)","Fibrewise over tasks, into LoRA\(_r\) pointed at \((0,[A_1^0;\dots;A_N^0])\)."
x-lora,lora-soups,A3,"h_x(\phi)=\big(\alpha_i^{l}=\lambda_i^{l}(x;\phi)\,\alpha_i/r_i\big)",Fibrewise over tokens: each token's weights are a point of CAT's family. This is an arrow of the unpointed slice (CAT pointed at \(h(q_0)\)).
hydralora,lora,A3,"h_x(A,B_1,\dots,B_N,W_g)=\big(\textstyle\sum_i\omega_i(x)B_i,\ A\big)","Fibrewise over tokens, into LoRA\(_r\) pointed at \((0,A_0)\). The arrow is pointed, since every \(B_i\) starts at \(0\)."
hydralora,loramoe,A3,"h(A,(B_i)_i,W_g)=\big((\tfrac r\alpha B_i)_i,\ (A,\dots,A),\ W_g\big)","The tied embedding \(A_i=A\): HydraLoRA is the shared-\(A\) sub-family of LoRAMoE (LoRAMoE pointed at \(h(q_0)\), whose \(A_i\) coincide)."
phatgoose,lora,A3,"h_x(v)=\big([w_{x,1}(v)B_1\ \cdots\ w_{x,N}(v)B_N],\ [A_1;\dots;A_N]\big),\ \ w_{x,z}=0\ \text{off the top-}k","Fibrewise over tokens (per module), into LoRA\(_{Nr}\) pointed at \(h(q_0)\) (unpointed slice); \(h_x\) is smooth away from routing ties."
arrow,lora,A3,"h_x(\ast)=\big(\textstyle\sum_ip_i(x)B_i,\ \sum_ip_i(x)A_i\big)","Paper composition, fibrewise over tokens and layers: a point of LoRA\(_r\) (rank \(r\), not \(kr\)), with LoRA pointed at \(h(\ast)\) (unpointed slice)."
arrow,lora-soups,A3,"h_x(\ast)=\big(\alpha_i=p_i(x)\,s_i\big)_i","HF output mixing, per adapted module: a point of CAT's family (unpointed slice)."
loraretriever,lora-soups,A3,h_x(\ast)=\big(\alpha_\phi=\mathbf 1[\phi\in\Phi_x]/k\big)_\phi,"Mixture mode, per request: a point of CAT's family (unpointed slice)."
loraretriever,lorahub,A3,h_x(\ast)=w=\mathbf 1_{\Phi_x}/k,"Fusion mode, per request: LoraHub's \((\sum w_iB_i)(\sum w_jA_j)\) at \(w=\mathbf 1_{\Phi_x}/k\) (unpointed slice)."
lora-flow,lora-soups,A3,"h_x(W_{\rm gate},b)=\big(\alpha_i^{l}=w_i^{l}(x)\big)_{i,l}","Fibrewise over tokens, into CAT pointed at \(h(q_0)\) (unpointed slice)."
s-lora,punica,A3,h=\mathrm{id}_{\prod_uQ_{\mathrm{LoRA}_{r_u}}},"The same family over tenants. The systems differ only in kernels and memory management, which \(\rho\) does not see."
s-lora,lora-soups,A3,h_u(\ast)=e_u,Fibrewise over tenants: request \(u\) is CAT at the vertex \(\alpha=e_u\) (unpointed slice).
punica,s-lora,A3,h=\mathrm{id}_{\prod_uQ_{\mathrm{LoRA}_{r_u}}},The same family over tenants; only the kernels differ.
punica,lora,A3,"h_u(\ast)=(B_u,\ A_u)","Fibrewise over tenants, into LoRA\(_{r_u}\) pointed at \(h(\ast)\) (unpointed slice)."
hyperdreambooth,nola,A3,"h(B_{tr},A_{tr})=\big(\alpha=\mathrm{vec}\,A_{tr},\ \beta=\mathrm{vec}\,B_{tr}\big),\ \text{NOLA bases }\{p_ke_j^\top\},\{e_jq_l^\top\}","With \(p_k\) the columns of \(P_{out}\) and \(q_l^\top\) the rows of \(P_{in}\), LiDB is NOLA with orthonormal random bases (at \(r=1\) the coefficients are exactly \(A_{tr}\) and \(B_{tr}\)). Pointed at the origin."
hyperdreambooth,lora,A3,"h(B_{tr},A_{tr})=\big(P_{out}B_{tr},\ A_{tr}P_{in}\big)","Per identity, into LoRA\(_r\) pointed at the origin \((0,0)\), where \(S_1=0\)."
text-to-lora,lora,A3,"h_z(\theta)=h_\theta\big(\mathrm{concat}[f(z),E[m],E[l]]\big)","Fibrewise over tasks, into LoRA\(_r\) pointed at \((0,A_0)\). The arrow is pointed, because Bias-HyperInit gives \(h_z(q_0)=(0,A_0)\) for every \(z\)."
drag-and-drop-llms,lora,A3,h_c(\phi)=\mathrm{detok}\big(G_\phi(c)\big),"Fibrewise over prompt batches, into LoRA pointed at \(h(q_0)\) (defect)."
doc-to-lora,lora,A3,"h_c(\phi)=\big(\alpha_l[B^{(1)}_l\ \cdots\ B^{(K)}_l],\ [A^{(1)}_l;\dots;A^{(K)}_l]\big)","Fibrewise over documents: an explicit factorisation through the hypernetwork's output, composed with the isomorphism \(\mathrm{LoRA}_r^{\oplus K}\cong\mathrm{LoRA}_{rK}\) of Obs I.7, pointed at \(h(q_0)\)."
tina,lora,A3,h=\mathrm{id},"The same object \((Q,q_0,\rho)\); only the loss differs."
plop,lora,A2,"h(q_T)=\big(q_T,\ q_0|_{T^{c}}\big)","The adapters of unselected module types are frozen at \((0,A_0)\): a pointed monomorphism into LoRA on all modules."
lori,lora-fa,A2,h(X)=\iota_M X,Freezing the masked-out entries of \(B\) at \(0\): a sub-object of \(\mathrm{FA}(A_0)\) pointed at \(B=0\).
lori,lora,A2,"h(X)=(\iota_M X,\ A_0)","The composite with \(\mathrm{FA}(A_0)\hookrightarrow\mathrm{LoRA}_{(0,A_0)}\)."
singlora,lora,A3,"h(A)=\big(\tfrac\alpha r\,u\,A_{[1:d_{out}]},\ A_{[1:d_{in}]}^\top\big)","Into LoRA\(_r\) pointed at \(h(A_0)\), which is not LoRA's \(B_0=0\) pointing."
shine,lora,A3,"h_c(\Delta_{\rm meta},m,\psi)=\mathrm{M2P}_\psi\big(\mathcal M(c)\big)_l","Fibrewise over contexts, per layer into LoRA\(_8\) pointed at \(h(q_0)\) (defect)."
generative-adapter,lora,A3,"h_c(A_1,A_2,B_1,B_2)=\big(A_1U_r(c),\ V_r(c)^\top B_2\big),\ \ U_r\Sigma_rV_r^\top=\mathrm{SVD}_r(A_2H_c^\top H_cB_1)","Fibrewise over contexts, into LoRA\(_{128}\) pointed at \(h(q_0)\); smooth where \(\sigma_r>\sigma_{r+1}\)."
goat,lora,A3,"h_x(B,A,W_z)=\big([s\,w^1(x)B^1\ \cdots\ s\,w^E(x)B^E\ \ -\tfrac sEB_0^1\ \cdots\ -\tfrac sEB_0^E],\ [A^1;\dots;A^E;A_0^1;\dots;A_0^E]\big)","Fibrewise over tokens, into LoRA\(_{2r}\) at \(\theta_0\), pointed at \(h(q_0)\) (unpointed slice); smooth away from routing ties."
core-space-merging,task-arithmetic,A3,h=\mathrm{id}_\lambda,"With task arithmetic as the inner rule, Core Space and task arithmetic have the same coefficient family (the projection is lossless)."
k-lora,lora-soups,A3,"h_t(\ast)=\big(\alpha_c^{l},\alpha_s^{l}\big)=\begin{cases}(1,0)&\text{layer }l\text{ selects content at }t\\ (0,1)&\text{otherwise}\end{cases}",Fibrewise over timesteps: a vertex of CAT's layer-wise family (unpointed slice).
k-lora,ziplora,A3,"h_t(\ast)=\big(m_c^{l},m_s^{l}\big)\in\{(\mathbf 1,0),(0,\mathbf 1)\}",Fibrewise over timesteps: ZipLoRA's column coefficients at 0/1 values (ZipLoRA pointed at \(h(\ast)\)).
easycontrol,prefix-tuning,A3,"h_c(B,A)=\big(K_l(c;B,A),\ V_l(c;B,A)\big)_{l\le L}","Fibrewise over conditions: an arrow of the unpointed slice over the realisation, read at content positions, as in Thm VI.5(e). It needs the mask and the condition positions to be independent of the content."
icedit,lora,A3,"h_x(B,A,g)=\big(\tfrac\alpha r[G_1(x)B_1\ \cdots\ G_4(x)B_4],\ [A_1;\dots;A_4]\big)","Fibrewise over tokens on \(W_o\), into LoRA\(_{4r}\) pointed at \((0,[A_1^0;\dots;A_4^0])\), pointed if every \(B_i=0\); the standard LoRAs map by the identity."
sd-lora,lora,A3,"h=\big([\alpha_1\hat B_1\ \cdots\ \alpha_{t-1}\hat B_{t-1}\ \ \alpha_tB_t/\lVert B_tA_t\rVert_F],\ [\hat A_1;\dots;\hat A_{t-1};A_t]\big),\ \ D_k=\hat B_k\hat A_k","Stage \(t\) into LoRA\(_{tr}\), pointed at \(h(q_0)\) (defect); smooth where \(B_tA_t\ne0\)."
sparse-memory-finetuning,fish-mask,A3,"h=\mathrm{id},\ \ M=\mathrm{rows}(\mathcal T_t)","Within one step at base \(\theta_t\), the method is the fixed-mask linear method with mask \(\mathrm{rows}(\mathcal T_t)\)."
seal,lora,A3,h=\mathrm{id},"Each realised update is an ordinary LoRA; the self-edit loop changes the data and the loss, not \(\rho\)."
sparselora,lora,A3,h=\mathrm{id},"The same object; the sparsity lives in the training forward pass, not in \(\rho\)."
loreft,lora,A3,"h(R,W,b)=\big(R^\top,\ [W-R\mid b]\big)","Into LoRA\(_r\) on the inserted affine box \([I_d\mid0]\) in homogeneous coordinates (Prop VI.4(c)), pointed at \(h(q_0)\), the pyreft defect."
o-lora,lora,A5,"h=\big([B_1\ \cdots\ B_T],\ [A_1;\dots;A_T]\big)","\(\mathrm{LoRA}_r^{\oplus T}\cong\mathrm{LoRA}_{Tr}\) (Obs I.7), pointed iff the stacked \(A\)'s have full row rank."
o-lora,relora,A3,"h=\mathrm{id}\ \text{on each stage's }(B_t,A_t)",The same merge-and-restart scheme with one stage per task; only the loss differs per stage.
inflora,lora-fa,A3,h=\mathrm{id},Per task it is LoRA-FA\((A_0)\) with \(A_0=A_t\).
inflora,lora,A2,"h(B)=(B,\ A_t)","Freezing \(A\) at \(A_t\): \(\mathrm{FA}(A_t)\hookrightarrow\mathrm{LoRA}_{(0,A_t)}\)."
textual-inversion,trainable-tokens,A3,h=\mathrm{id}:\ v\mapsto V_{\{S_*\}},"Trainable Tokens on the extended vocabulary with \(T=\{S_*\}\), pointed at the descriptor row \(E_w\). This is HF PEFT's TrainableTokensConfig on a newly added token after resize_token_embeddings."
textual-inversion,custom-diffusion,A2,"h(v)=(\Delta W^k=0,\ \Delta W^v=0,\ V^*=v)","Freezing Custom Diffusion's cross-attention \(W^k,W^v\) at \(W_0\) leaves its modifier-token row. The target is Custom Diffusion pointed at \((0,0,E_w)\) rather than at its rare-token init."
intruder-dimension-reduction,svdiff,A3,"h(\lambda)=\delta,\quad \delta_j=(\lambda-1)\sigma_j\ (j\in\mathcal I),\ \ \delta_j=0\ \text{otherwise}","Into SVDiff re-based at \(W_1=W_0+\Delta W\) (its SVD frame), with \(\lambda=1\) sent to \(\delta=0\). Paper variant (no rank-\(r\) re-truncation), \(\lambda\ge0\)."
trans-lora,lora,A3,h=\mathrm{id},The same object on the target base. The distillation loss and the synthetic data are trained-method data.
lora-x,svdiff,A2,"h(\delta\sigma)=(\delta\sigma_1,\dots,\delta\sigma_r,0,\dots,0)",Freeze SVDiff's shifts for \(i>r\) at 0. On the constraint set \(\sigma_i+\delta\sigma_i\ge0\) the ReLU is the identity.
lora-x,svft,A2,"h(\delta\sigma)=M,\ \ M_{ii}=\delta\sigma_i\ (i\le r),\ \ 0\ \text{otherwise}","SVFT with the plain (diagonal) pattern pointed at \(M=0\), its tail \(i>r\) frozen. SVFT's official init is a small defect."
lora-x,lora-xs,A3,"h(\Delta\Sigma)=\Delta\Sigma\,\Sigma_r^{-1}","LoRA-XS in the form \(W_0+U_rR\,\Sigma_rV_r^\top\), pointed at \(R=0\) (needs \(\sigma_r>0\)). An isomorphism for the full-core variant."
lora-x,lora,A3,"h(\Delta\Sigma)=(U_r,\ \Delta\Sigma V_r^\top)","Into LoRA pointed at \((U_r,0)\), the \(\mathrm T_B\) stratum."
lofit,bitfit,A3,"h(v)=\big(\Delta b_O^{(l)}=\textstyle\sum_{i\in T_l}W^{O}_{(i)}v_l^i,\ \text{other biases }0\big)","Into BitFit on a model with \(o\_proj\) biases, pointed at 0. The image is a proper subspace of the \(o\_proj\) bias space."
moslora,lora,A3,"h(B,M,A)=(BM,\ A)","Pointed at \((0,A_0)\), with equal images and equal \(S_1=\{YA_0\}\). The reverse arrow \(h(B,A)=(BM_0^{-1},M_0,A)\) also exists."
moslora,flora-tucker,A3,h=\mathrm{id},"The same three-factor form on 2-D weights, but FLoRA is pointed at \(h(q_0)=(0,M_0,A_0)\) rather than at its zero-core init."
laplace-lora,lora,A3,h=\mathrm{id}\ \ \text{(the MAP object)},The family's mean (\(\varepsilon=0\)) is the LoRA point it was built from; the Laplace step adds trained-method data.
blob,lora,A3,"h(M,G,B)=(B,\ M)","Projection to the mean, forgetting the variance coordinates \(G\) (as for MonteCLoRA). Pointed at \((0,M_0)\)."
loraprune,dora,A3,"h(B,A,m)=\big(\mu=m\odot\lVert W_0+sBA\rVert_{\rm row},\ B,\ A\big)","On each mask component, for boxes masked by output rows (q, k, v, gate, up); DoRA pointed at \((\lVert W_0\rVert_{\rm row},0,A_0)\). It fails on o_proj and down_proj, where head and channel masks act on input columns."
modulora,qlora,A3,h=\mathrm{id},"Valid only when \(\kappa\) is NF4 with double quantisation; then the objects are identical (an isomorphism). For the paper's quantisers (OPTQ, QuIP#) the vertices \(\kappa\theta_0\) and \(\kappa_{\rm NF4}\theta_0\) differ by a generically full-rank matrix, so the cones are disjoint translates and O1 blocks any arrow; ModuLoRA is then the same construction at a different base point, not an object over QLoRA."
sltrain,rosa,A3,h=\mathrm{id},"RoSA with its mask taken to be \(\mathcal I\), pointed at \(S=S_0\). With RoSA's own gradient-chosen support the images differ."
lora-dash,lora,A3,"h(B,A,\Delta\sigma)=\big([B\ \ \bar U\mathrm{diag}(\Delta\sigma)],\ [A;\ \bar V^\top]\big)","Into \(\mathrm{LoRA}_{r+s}\) pointed at \((0,[A_0;\bar V^\top])\). This is a standard \(\mathrm T_A\) pointing iff \(\mathrm{row}A_0\cap\mathrm{span}\bar V=0\), which is generic (Obs I.7)."
lcm-lora,task-arithmetic,A3,"h(\lambda_1,\lambda_2)=(\lambda_1,\lambda_2),\quad \tau_1=B'A',\ \tau_2=B_{\rm LCM}A_{\rm LCM}",Task arithmetic with two LoRA task vectors (the catalog's special-case edge).
lcm-lora,lora,A3,"h(\lambda_1,\lambda_2)=\big([\lambda_1B'\ \ \lambda_2B_{\rm LCM}],\ [A';A_{\rm LCM}]\big)","Into \(\mathrm{LoRA}_{r'+r}\) pointed at \((0,[A';A_{\rm LCM}])\), as for HF's cat (Obs I.7)."
concept-sliders,lora,A3,h=\mathrm{id},"The trained object is LoRA (rank 4, \(\alpha/r=1/4\) in the official config)."
concept-sliders,task-arithmetic,A3,"h(\alpha_1,\dots,\alpha_K)=(\lambda_k=\alpha_k),\quad \tau_k=B_kA_k","The source here is the deployed P-object (strengths \(\alpha_k\) trainable, slider factors frozen after training), not the training object classified above, whose \(Q=(B,A)\) has no map to coefficients. On that deployed object \(\rho_{\rm TA}\circ h=W_0+\sum_k\alpha_kB_kA_k\), pointed at \(\alpha=0\); signed coefficients are allowed."
ic-lora,lora,A3,h=\mathrm{id},The trainable object is an ordinary LoRA (\(r=\alpha=16\)).
proxy-tuning,eft,A3,h=\mathrm{id},Per-token EFT up-scaling normalises to the same softmax: isomorphic objects (concurrent work).
eft,proxy-tuning,A3,h=\mathrm{id},The same per-token logit-arithmetic rule.
wise-ft,task-arithmetic,A3,h(\alpha)=(\lambda=\alpha),"\(N=1\), \(\tau=\theta_1-\theta_0\), with \(\lambda\) restricted to \([0,1]\)."
wise-ft,concept-sliders,A3,"h(\alpha)=(\alpha B_1,\ A_1)","When \(\theta_1-\theta_0=B_1A_1\) is a LoRA update (HF rescale_adapter_scale): the slider line through it, pointed at \((0,A_1)\)."
linear-probing,bitfit,A2,"h(V)=(\Delta b=0,\ V)","BitFit with its usual trainable head, the biases frozen at their base value."
linear-probing,surgical-fine-tuning,A2,h(V)=V\ \ \text{(block = last layer)},Surgical FT with the 'Last Layer' block.
linear-probing,lp-ft,A5,"V\mapsto(V,\ q_0^{(2)})","The one-stage scheme embeds as stage 1 of LP-FT, padded with stage 2's base value."
ffa-lora,lora,A2,"h(B)=(B,\ A_0)","Freeze \(A\) at its base value: LoRA pointed at \((0,A_0)\)."
ffa-lora,lora-fa,A3,h=\mathrm{id},The same parametrisation as LoRA-FA v1. LoRA-FA v2 changes only the cometric (a projected \(B\)-gradient).
flora-federated,relora,A3,"h\big((B_k,A_k)_k\big)=\big([p_1B_1\cdots p_KB_K],\ [A_1;\dots;A_K]\big)\ \ \text{per round}","Stagewise into ReLoRA of rank \(\sum_kr_k\), pointed at the stacked \(A_0\)'s; the pointing is standard iff their rows are independent."
hetlora,lora,A3,h=\mathrm{id},The global pair is a \(\mathrm{LoRA}_{r_{\max}}\) point.
hetlora,dylora,A3,h=\mathrm{id},"The same nested object, the truncation filtration of \(\mathrm{LoRA}_{r_{\max}}\), with levels set by client capacity instead of sampled."
autoprompt,prompt-tuning,A3,"h(w_1,\dots,w_\ell)=(E_{w_1},\dots,E_{w_\ell})","A smooth map from the finite set \(\mathcal V^\ell\) into prompt tuning at the template's trigger slots, pointed at \(h([\mathrm{MASK}]^\ell)\): a monomorphism of the unpointed slice."
loft-orthogonal,oft,A3,E\mapsto Q=-P_r^{\top}EP_r\in\mathfrak{so}(n),"Into exact full-block Cayley OFT (block size n), with the same Cayley map on both sides. With the catalogue's convention W = W_0 C(Q)^T, h(E) = -P_r^T E P_r; with HF's exact code R = (I-Q)(I+Q)^{-1}, W = W_0 R^T, it is h(E) = +P_r^T E P_r. Uses C(P_r^T E P_r) = I + P_r^T (C(E) - I) P_r."
loft-orthogonal,lora-xs,A3,E\mapsto R=\Sigma_r\big(C(E)-I\big)\Sigma_r^{-1},"Principal support, needs sigma_r(W_0) > 0; LoRA-XS pointed at R = 0. Holds for any transform Q, exact or not."
loft-orthogonal,psoft,A3,"E\mapsto\big(R=C(E)^{\top},\ \alpha=\beta=\mathbf 1\big)","Principal support, same exactly orthogonal transform on both sides; freeze PSOFT's two scaling vectors at 1 (A2 up to E -> -E). With alpha = beta = 1, PSOFT's W_res + B R^T A equals W_0 (I + V_r (R^T - I) V_r^T)."
loft-orthogonal,lora,A3,"E\mapsto\big(B=W_0P_r^{\top}(C(E)-I_r),\ A=P_r\big)","Into LoRA_r pointed at (B, A) = (0, P_r), a T_A-type pointing with a fixed row-orthonormal A_0."
preft,loreft,A3,"(W_1,W_2,b)\mapsto\big(R=(W_2W_2^{\top})^{-1/2}W_2,\ W=R+s_r(W_2W_2^{\top})^{1/2}W_1,\ b'=s_r(W_2W_2^{\top})^{1/2}b\big)","DiReFT_P instance, into LoReFT intervening at every prompt position (prefix length >= ell) after every block: s_r W_2^T(W_1 h + b) = R^T((W - R)h + b'). Smooth where W_2 has full row rank. Pointed: the released init (W_1 = 0, b = 0, W_2 with orthonormal rows) goes to LoReFT's neutral point W = R, b = 0. Checked numerically (error 2e-16). The target is LoReFT pointed at its neutral point (W = R, b = 0), not at pyreft's default init, which is a defect."
orthomerge,oft,A3,\ast\mapsto Q_m=\tfrac{c}{N}\textstyle\sum_iQ_i,"OFT experts sharing one block partition, exact Cayley on both sides: the merged point is a point of OFT's image (unpointed slice, as soups into task arithmetic). With OFT written as W_0 C(Q)^T, C(Q) = (I+Q)(I-Q)^{-1} (OrthoMerge's own convention), h(*) = Q_m; under HF's R = (I-Q)(I+Q)^{-1}, h(*) = -Q_m. Experts trained with HF's default Cayley-Neumann map are read through exact Cayley only approximately."
prism-dp-lora,pissa,A3,"(B,A)\mapsto(\sqrt s\,B,\ \sqrt s\,A)","Isomorphism onto PiSSA_r (scale 1) on the same residual W_0 - [W_0]_r. It sends PRISM's q_0 = (U_r(Sigma_r/s)^{1/2}, (Sigma_r/s)^{1/2}V_r^T) to PiSSA's (U_r Sigma_r^{1/2}, Sigma_r^{1/2}V_r^T). Only the optimiser differs. Checked numerically."
prism-dp-lora,lora,A3,"(B,A)\mapsto\big([B,\ B_0],\ [A;\ -A_0]\big)","Target instance: LoRA_{2r} at the degenerate pointing. The released spectral_rebase_adapter_inplace: PRISM_r into LoRA_{2r} on the untouched W_0 (same scale s), pointed at the degenerate pointing ([B_0,B_0],[A_0;-A_0]) with product 0 (Thm II.1, as for PiSSA). Checked numerically."
keeplora,lora-fa,A3,B\mapsto B-B_t^{(0)},"Per task: LoRA-FA(A_t) over the base W_{t-1} (same scale), pointed at 0. Checked numerically."
keeplora,lora,A3,"B\mapsto\big(B-B_t^{(0)},\ A_t\big)","Per task, into LoRA pointed at (0, A_t), a T_A point with orthonormal A_t (composite with FA(A_t) -> LoRA)."
lora-pre,adam-mini,A3,h=\mathrm{id}_\Theta,Both are the terminal object with forward map id_Theta; they differ only in optimiser data (Def III.1).
structlora,sora,A3,"(A,B,m)\mapsto\big(B,\ \tfrac{\alpha}{r}m,\ A\big)","Source instance: gated (coordinator off, App. E.7). Gated instance only (coordinator off): W_0 + (alpha/r) B diag(m) A is SoRA's map with gate g = (alpha/r) m, SoRA re-pointed at (0, (alpha/r) m_0, A_0) with m_0 = sigmoid(2) from the code's gate logits; same T_A stratum. The released coordinated instance has no such arrow (see the obstruction)."
structlora,lora,A3,"(A,B,m)\mapsto\big(\tfrac{\alpha}{r}B\,\mathrm{diag}(m),\ A\big)","Source instance: gated (coordinator off, App. E.7). Gated instance only, pointed at (0, A_0)."
fedrot-lora,lora,A3,h=\mathrm{id},"The global pair is a LoRA_r point, pointed at (0, A_0); only the aggregation differs."
rlpo-rlmo,lora,A3,"h=\mathrm{id}:(B,A)\mapsto(B,A)","Pointed isomorphism onto LoRA_r pointed at (0, V_{[:,1:r]}^T) (resp. (0, V_{[:,-r:]}^T)). Into LoRA with a random A_0 there is only a weak morphism (a different point of Gr(r,n))."
nara,lora,A3,"h_\lambda(B,A,\phi)=\big(B\,C_\phi(\lambda),\ A\big)","Fibrewise over noise levels, into LoRA_r pointed at (0, A_0); pointed because B starts at 0."
nara,moslora,A3,"h_\lambda(B,A,\phi)=\big(B,\ C_\phi(\lambda)/s,\ A\big)","Fibrewise, into MoSLoRA re-pointed at (0, I_r/s, A_0), with s MoSLoRA's scale. Its default random-mixer pointing differs, but S_1 = {XA_0} on both sides."
lime,lora,A3,"h_x(B,A,(p_i)_i,p_s,\gamma)=\big(\mathrm{diag}(\mathcal P(x)+\gamma p_s)\,B,\ A\big)","Fibrewise over tokens, into LoRA_r pointed at (0, A_0). Piecewise smooth only: h_x is smooth where the selected set S_theta(x) is locally constant and z-hat_{1:E}(x) != 0. At q_0 (B = 0) the router is 0/0; h_x is continuous there with h_x(q_0) = (0, A_0), because P(x) is a convex combination and hence bounded, but it is not differentiable (the infinity-norm normalisation flips with the sign of B). At q_0 the arrow certifies the inclusion of each realised fibre in Im LoRA_r rather than a smooth pointed morphism."
agzo,lora-fa,A3,\lambda\mapsto\lambda R_t,"Per step at base theta_t: the line theta_t + lambda R_t U_t^T is a line of LoRA-FA(A_0 := U_t^T), pointed at 0. Linear layers only: AGZO's dense Gaussian perturbation of the other parameters (norms, biases, embeddings) lies outside LoRA-FA's boxes."
zo-muon,lora,A2,"X\mapsto(P_k,\ X)","Per period at base W_k: FB(P_k) is LoRA with B frozen at P_k, pointed at (P_k, 0) (stratum T_B), as for GaLore's left-projection case and Online Subspace Descent. Weight matrices only; 1-D parameters (biases, norms) get dense Gaussian RGE and lie outside the frozen-B slice."
flexlora-entropy,adalora,A3,h=\mathrm{id},"The same P Lambda Q object pointed at Lambda = 0 with the same frames, at any fixed allocation; only the rank schedule differs."
flexlora-entropy,elalora,A3,h=\mathrm{id},"The same object; both prune and expand inside the rank filtration, with different scores."
flexlora-entropy,lora,A3,"h(P,\Lambda,Q)=(P\Lambda,\ Q)","Pointed at (0, Q_0)."
fouriermoe,lora-fa,A3,"h_x\big((c_i)_i,\Phi\big)=\eta\textstyle\sum_{i\in\mathcal S_\Phi(x)}g_{\Phi,i}(x)\,B(c_i),\ \ B(c)=\tfrac{2}{d_{out}d_{in}}\big[\,a_k\cos\theta_k-b_k\sin\theta_k,\ -(a_k\sin\theta_k+b_k\cos\theta_k)\,\big]_k","Fibrewise over tokens, into LoRA-FA(A_F) with the frozen input frame A_F = [cos phi_k; sin phi_k] over the union of the experts' supports. Here c_k = a_k + i b_k, and theta_k, phi_k are the output and input phase vectors of frequency (u_k, v_k); the factor is 1 instead of 2 for self-conjugate frequencies. Pointed at 0 for the zero-coefficient pointing. Checked numerically (2e-17). As for routed mixtures in general, the top-k selection makes h_x only piecewise smooth in the router parameters; it is smooth in the coefficients c_i, and h_x(q_0) = 0 for every router value."
smoa,hira,A3,"(B_k,A_k)_k\mapsto\big(P_{out}^\top\,\mathrm{blkdiag}(B_1,\dots,B_K),\ \mathrm{blkdiag}(A_1,\dots,A_K)\,P_{in}\big)","Into HiRA_r pointed at (0, blkdiag(A_{k,0}) P_in), a T_A point (zero-factor init assumed). Checked numerically (exact)."
bayesian-lora-sgp,lora,A3,"h=\big(\bar B,\ \bar A\big),\ \ \bar B=T_r^B\,\mathbb E_q[U^B]\,T_c^B,\ \ \bar A=T_r^A\,\mathbb E_q[U^A]\,T_c^A","Projection to the posterior mean (B and A are independent, so E[BA] = B-bar A-bar), scales absorbed. Pointed at h(q_0), which is not LoRA's B = 0 pointing because the released init is a defect, so the arrow lives in the unpointed slice."
florg,lora,A3,"A\mapsto\big(s\,LA^\top,\ AR\big)","Into LoRA_r, pointed at h(A^1) (unpointed slice: both factors nonzero)."
florg,singlora,A3,"A\mapsto\sqrt{sr/\alpha}\,A^\top","Square weights with L = R^T = I only; otherwise FLoRG is a frame transport of SingLoRA, an automorphism rather than an arrow. Into SingLoRA after its ramp (u = 1), in the unpointed slice."
loda-cl,lora-fa,A3,"(B_G,B_I)\mapsto[\,w_GB_G,\ B_I\,]","Per task, into LoRA-FA([A_G; A_I]) over W^{t-1}, pointed at 0. The pre-merge shrink replaces w_G B_G by w_G B_G Lambda_G, another point of the same stage."
loda-cl,lora,A3,"(B_G,B_I)\mapsto\big([\,w_GB_G,\ B_I\,],\ [A_G;A_I]\big)","Per task, into LoRA_{2r} pointed at (0, [A_G; A_I])."
lragent,lora,A3,"h_i(A,B_1,\dots,B_N)=(B_i,\ A)","Fibrewise over agents, into LoRA_r pointed at (0, A_0)."
lragent,s-lora,A3,"(A,(B_i)_i)\mapsto\big((B_i,A)\big)_i","Into S-LoRA's family over tenants with tied A_u = A. Exact only without cross-agent cache reuse, which changes the realised function."
geora,lora,A3,"(B,A)\mapsto\big([B,\ -B_0],\ [A;\ A_0]\big)","Target instance: LoRA_{2r} at the degenerate pointing. Thm II.1 conversion into LoRA_{2r} on the untouched W_0 (same scale), pointed at the degenerate pointing ([B_0,-B_0],[A_0;A_0]) with product 0, as for PiSSA."
matryoshka-lora,sora,A2,"(B,A)\mapsto(B,\ p,\ A)","Freezing SoRA's gate at p (and dropping its l1 penalty), SoRA re-pointed at (0, p, A_0): the training-time map."
matryoshka-lora,dylora,A3,h=\mathrm{id},"Instance s_r = c/r only (DyLoRA's alpha = c): the same underlying LoRA_R pointed at (0, A_0), with each deployed prefix s_kB_{:,1:k}A_{1:k,:} equal to DyLoRA's level k. For the released s_r = 1/sqrt(r) (and for s_r = 1) no single h exists: matching level k needs B_{:,j} -> (k s_k/alpha) B_{:,j} for every j <= k, and k s_k is not constant over S (1, 1.414, 2 for S = {1,2,4}), so the comparison holds only level by level, through the LoRA_k arrow. The objectives differ in any case: a deterministic p against a sampled b."
matryoshka-lora,lora,A3,"(B,A)\mapsto\big(s_kB_{:,1:k},\ A_{1:k,:}\big)","Deployed at rank k, into LoRA_k pointed at (0, A_{0,1:k})."
loco-orthogonal,oft,A3,"(U,V)\mapsto Q=-(UV^\top-VU^\top)","n = 1, into exact full-block Cayley OFT (block size d_in), with OFT written as W_0 C(Q)^T and C(Q) = (I+Q)(I-Q)^{-1}, so that C(Q)^T = C(-Q). Under HF's exact R = (I-Q)(I+Q)^{-1}, h = +(UV^T - VU^T). Pointed: V = 0 goes to Q = 0. Checked numerically."
loco-orthogonal,lora,A3,"(U,V)\mapsto\big(2W_0X(I_{2r}-Y^\top X)^{-1},\ Y^\top\big),\ \ X=[U\,|\,-V],\ Y=[V\,|\,U]","Woodbury form of W_0(C(A) - I): into LoRA_{2r} (LoRA_{2nr} for n components, by concatenation). Pointed at h(U_0, 0) = (2W_0[U_0, 0], [0; U_0^T]), whose product is 0 with both factors nonzero, outside the three strata (as HRA's arrow). Checked numerically."
compress-then-merge,lora,A3,"\lambda\mapsto\big(U\textstyle\sum_t\lambda_tO^{(t)},\ V^\top\big)","Task arithmetic inside: into LoRA_r pointed at (0, V^T), a T_A point with orthonormal rows. Checked numerically."
srr,lora,A3,"(B,A)\mapsto\big([B,\ -B_0],\ [A;\ A_0]\big)","In the slice at the attained start theta_0' = Q + B_0A_0: SRR_r into LoRA_{2r} over theta_0', at a degenerate pointing (as LoftQ)."
prompt2effect,lora,A3,"h_c(\phi)=\big(\hat B_\phi(c,W_0),\ \hat A_\phi(c,W_0)\big)","Fibrewise over effect prompts, into LoRA_r pointed at h_c(q_0) (unpointed slice: the family is a defect by design)."
giva,lora-fa,A3,"(\gamma,\lambda)\mapsto\Gamma B\Lambda","Into LoRA-FA(V_r^T), pointed at 0 (gamma_0 = 0), as VeRA -> LoRA-FA(A)."
giva,lora,A3,"(\gamma,\lambda)\mapsto(\Gamma B\Lambda,\ V_r^\top)","Composite with FA -> LoRA, pointed at (0, V_r^T)."
activation-prompt,bitfit,A3,\delta=\mathbf 1\otimes v\ \mapsto\ \Delta b_{\rm down}^{(l-1)}=v,"Position-uniform instance only (the hypothesis of Prop. 1), on a ViT whose residual stream at layer l is last written by the biased MLP output projection of block l-1: the shift is that bias edit, BitFit pointed at 0. The released position-specific delta has no such arrow (M-infinity)."
stable-lora,lora,A3,h=\mathrm{id}_Q,Same object; only the update rule differs (the shrink is not a gauge move).
mdpd,ln-tuning,A3,h=\mathrm{id},"The same deployed object (LayerNorm (gamma, beta) of every block, with the same new task head on both sides); only the training signal differs."
riemannion,lora,A3,"X\mapsto\big([\,X(B_0^{+}X)^{+},\ -B_0\,],\ [\,B_0^{+}X;\ A_0\,]\big),\qquad X_0=B_0A_0","LOI instance. Thm II.1 conversion: Riemannion_r into LoRA_{2r} on the untouched W_0, at the degenerate pointing ([B_0,-B_0],[A_0;A_0]) (product 0, as for LoRA-GA and PiSSA). The first block is a smooth local section of the quotient map near X_0 (rank r), with h(X_0) = ([B_0,-B_0],[A_0;A_0]); checked numerically (error 2e-15). With the stored thin factors (B,A) it reads h(B,A) = ([B,-B_0],[A;A_0])."
lora-mixer,lora,A3,"h_x\big((B_e,A_e)_e,G\big)=\big(\,[\,\mathbb 1_{e\in\mathrm{TopK}(x)}\,p_e(x)\,B_e\,]_{e=1}^{E},\ [A_1;\dots;A_E]\,\big)","Fibrewise over tokens (per adapted projection), into LoRA_{Er} pointed at h(q_0) (unpointed slice, as PHATGOOSE -> LoRA); smooth away from top-K ties. A renormalisation over the selected set, if used, is absorbed into p_e."
in-place-ttt,lora,A3,"h_{c,i}(W_{target},k)=\big(\eta\,[\hat V_{[1]}^\top\ \cdots\ \hat V_{[i-1]}^\top],\ [Z_{[1]};\dots;Z_{[i-1]}]\big)","Fibrewise over (document c, chunk index i), into LoRA_{(i-1)C} on W_down (scale 1), pointed at (0,[Z_{[1]};...;Z_{[i-1]}]) because the zero kernel gives V-hat = 0: a T_A-type point whose A_0 is the context's own activations. Uses sum_j V_j^T Z_j = [V_1^T ... V_{i-1}^T][Z_1;...;Z_{i-1}] (checked, 2e-15). Backbone fixed (inference); for long contexts the rank is capped at min(d, d_ff)."
ld-mole,lora,A3,"h_x\big((B_i,A_i)_i,W_{gate},f\big)=\big(\tfrac{\alpha}{rs}\,[\,p_{x,1}B_1\ \cdots\ p_{x,E}B_E\,],\ [A_1;\dots;A_E]\big)","Fibrewise over tokens, into LoRA_{Er} with scale s, pointed at (0,[A_1^0;...;A_E^0]) since every B_i starts at 0 (as HydraLoRA -> LoRA). h_x is continuous and piecewise smooth (Sparsegen's support changes across hyperplanes)."
ar1-zo,lora,A3,"h(B,A)=\big(\tfrac{\alpha}{s}B,\ A\big)","Isomorphism onto LoRA_r with scale s (as rsLoRA = LoRA), pointed: B_0 = 0 maps to 0."
pico,lora,A3,"h(\ast)=\big([\,\gamma SB_1\ \cdots\ \gamma SB_T\,],\ [A_1;\dots;A_T]\big)","Pico-TA instance: the merged point is a point of LoRA_{Tr}'s image (unpointed slice, LoRA pointed at h(*)), as model soups into task arithmetic."
frameft,lora-fa,A3,"h(C_\Omega)=\tfrac{\alpha}{\sqrt{d_{out}d_{in}}}\,P_{out}\,C_{:,J},\qquad A_0=(P_{in})_{:,J}^\top","J = columns of C met by Omega; into LoRA-FA_{|J|} with the frozen frame rows A_0 (LoRA-FA scale 1; otherwise divide h by it), pointed at 0 (as SVFT -> LoRA-FA). Checked numerically (6e-17)."
gradfix,fish-mask,A3,"h(\alpha)=\alpha\,(m\odot\tau_A)","Per transport, over the base theta_B: the line lies in FISH with mask M = supp(m), pointed at 0 (as Sparse Memory Finetuning -> FISH)."
coa-lora,lq-lora,A3,"h_{\mathbf C}(\theta,L_1,L_2)=\big(L_1\,(I_r+U_\theta(Q_{\mathbf C})),\ L_2\big)","Fibrewise over configurations, per layer, into LQ-LoRA over the quantised base W~_C, pointed at h_C(q_0) (approximately (L_1, L_2), since the mapper's last layer starts at N(0,1e-6)). This is LQ-LoRA's own start when W~_C and the factors come from the same low-rank-plus-quantised split at that configuration."
slao,lora,A3,h=\mathrm{id}_Q,"First stage: a pointed isomorphism onto LoRA_r at (0, A_0). Later stages start at W_0 + B_{ft,i-1}Q_i^T and map only by a weak morphism (LoRA re-pointed at that start)."
smartfed-more,lora,A3,"h_x(W_{router})=\big(\widehat B\,\mathrm{diag}(\tilde g_x(W_{router})),\ \widehat A\big)","Fibrewise over tokens, into LoRA_M (M = sum_n r_n) with A frozen at A-hat, pointed at h(q_0) (unpointed slice); smooth away from top-K ties."
rotmole,lora,A3,"h_x\big((B_i,A_i,q_i)_i,W_g,W_\theta\big)=\big(\,[\,\mathbb 1_{i\in\mathrm{TopK}(x)}\,g_i(x)\,B_iR_i(x)\,]_{i=1}^{n},\ [A_1;\dots;A_n]\big)","Fibrewise over tokens, into LoRA_{nr} pointed at (0,[A_1^0;...;A_n^0]), since every B_i starts at 0. Smooth away from routing ties and from A_ix = 0 (r > 2)."
scalora,lora,A3,"h(B,A)=\big([\,B,\ -\widetilde B_t\,],\ [\,A;\ \widetilde A_t\,]\big)","Per stage: the stage over W~_0^{(t)} = W_t - B~_tA~_t factors through LoRA_{2r} on the pre-split weight W_t (Thm II.1 conversion), at the degenerate pointing ([B~_t,-B~_t],[A~_t;A~_t])."
lora-s,lora,A3,h=\mathrm{id}_Q,"Same object; only the update rule (trained-method data) differs, as for LoRA-Pro and Riemannian-preconditioned LoRA."
diablo,fish-mask,A3,"h=\mathrm{id},\qquad M=\mathrm{supp}\,\mathrm{blkdiag}(\mathbf 1_{d_{out}/N\times d_{in}/N},\dots)","FISH taken with the fixed block-diagonal mask instead of its Fisher-selected one, pointed at 0."
diablo,diff-pruning,A2,"D\mapsto\big(\alpha_0,\ \iota_{\rm blk}D\big)","The block support is one fixed coordinate set, a stratum of Diff pruning's learned-support cone (within the L0 budget when k >= d_in d_out / N), as SMT -> Diff pruning."
qzo,efficientqat,A3,h=\mathrm{id}:\ S\mapsto S,"The same group-wise scale family over frozen integer codes (EfficientQAT's E2E-QP stage), valid over common codes, zero-points and group size; both are pointed at their own quantised start."
perk,lora,A3,"h_c(\theta_{adapter},\alpha,\psi)=\phi^{(N)}(\theta_{adapter},\alpha,\psi;c)","Fibrewise over contexts, into LoRA_r (rsLoRA scale absorbed) pointed at h_c(q_0) (defect): the unrolled inner loop is an explicit map, smooth for Adam with eps > 0."
vapt,vpt,A3,"h_x(q)=\big((P^{(l)}(\tilde X^{(l)}(x;q)))_{l\le L},\ \mathrm{Head}\big)","Fibrewise over inputs, into VPT-Deep (prompt outputs discarded per block, as in VAPT), pointed at h_x(q_0) (unpointed slice); block 1's static prompts map to VPT's block-1 prompts."
adapad,lora,A3,"h=\big([\,b_{i,1}\ \cdots\ b_{i,r_i}\,],\ [\,a_{i,1}^\top;\dots;a_{i,r_i}^\top\,]\big)","Per module, into LoRA_{r_i} (scale absorbed), re-pointed at h(q_0): the start is a nonzero rank-1 point, so this is an arrow of the unpointed slice (weak)."
tera,vera,A3,"h(d^{(1)},d^{(2)})=\big(b=d^{(1)},\ d=d^{(2)}\big)","Instance N = 2, A^{(1)} = I, core = VeRA's B, A^{(2)} = VeRA's A: an isomorphism (our derivation; the paper only compares parameter counts). Pointed when the zeroed vector is d^{(1)} and d^{(2)} starts at VeRA's d_0."
dc-merge,lora,A3,"h(\alpha)=\big(\alpha\,\widetilde U(\widetilde M\odot\mathcal M),\ \widetilde V^\top\big)","Into LoRA_{rT} pointed at (0, V~^T), a T_A point with orthonormal rows when rT < min(m,n) (LoRA inputs); in the full fine-tuning setting rT can reach min(m,n), outside the strata (as Compress-then-Merge -> LoRA)."
malora-mamba,lora,A3,"h_{x_{1:t}}(A,B,P,\mathrm{Mamba},w,b)=\big(\tfrac{\alpha}{rs}\,\lambda(x_{1:t})\,B,\ A\big)","Fibrewise over token prefixes, into LoRA_r with scale s, pointed at (0, A_0) since B_0 = 0."
